-- --------------------------------------------------------
-- Host:                         127.0.0.1
-- Server version:               8.4.3 - MySQL Community Server - GPL
-- Server OS:                    Win64
-- HeidiSQL Version:             12.8.0.6908
-- --------------------------------------------------------

/*!40101 SET @OLD_CHARACTER_SET_CLIENT=@@CHARACTER_SET_CLIENT */;
/*!40101 SET NAMES utf8 */;
/*!50503 SET NAMES utf8mb4 */;
/*!40103 SET @OLD_TIME_ZONE=@@TIME_ZONE */;
/*!40103 SET TIME_ZONE='+00:00' */;
/*!40014 SET @OLD_FOREIGN_KEY_CHECKS=@@FOREIGN_KEY_CHECKS, FOREIGN_KEY_CHECKS=0 */;
/*!40101 SET @OLD_SQL_MODE=@@SQL_MODE, SQL_MODE='NO_AUTO_VALUE_ON_ZERO' */;
/*!40111 SET @OLD_SQL_NOTES=@@SQL_NOTES, SQL_NOTES=0 */;


-- Dumping database structure for akademix
CREATE DATABASE IF NOT EXISTS `akademix_2` /*!40100 DEFAULT CHARACTER SET utf8mb4 COLLATE utf8mb4_0900_ai_ci */ /*!80016 DEFAULT ENCRYPTION='N' */;
USE `akademix_2`;

-- Dumping structure for table akademix.academic_years
CREATE TABLE IF NOT EXISTS `academic_years` (
  `id` int NOT NULL AUTO_INCREMENT,
  `year_label` varchar(20) NOT NULL,
  `semester` enum('ganjil','genap') NOT NULL,
  `start_date` date NOT NULL,
  `end_date` date NOT NULL,
  `is_active` tinyint(1) NOT NULL DEFAULT '0',
  `created_at` timestamp NULL DEFAULT CURRENT_TIMESTAMP,
  PRIMARY KEY (`id`)
) ENGINE=InnoDB AUTO_INCREMENT=5 DEFAULT CHARSET=utf8mb4 COLLATE=utf8mb4_0900_ai_ci;

-- Dumping data for table akademix.academic_years: ~4 rows (approximately)
INSERT INTO `academic_years` (`id`, `year_label`, `semester`, `start_date`, `end_date`, `is_active`, `created_at`) VALUES
	(1, '2024/2025', 'ganjil', '2024-07-15', '2024-12-20', 0, '2026-05-15 12:55:02'),
	(2, '2024/2025', 'genap', '2025-01-06', '2025-06-20', 0, '2026-05-15 12:55:02'),
	(3, '2025/2026', 'ganjil', '2025-07-15', '2025-12-20', 0, '2026-05-15 12:55:02'),
	(4, '2025/2026', 'genap', '2026-01-06', '2026-06-20', 1, '2026-05-15 12:55:02');

-- Dumping structure for table akademix.assignments
CREATE TABLE IF NOT EXISTS `assignments` (
  `id` int NOT NULL AUTO_INCREMENT,
  `subject_id` int NOT NULL,
  `classroom_id` int NOT NULL,
  `teacher_id` int NOT NULL,
  `academic_year_id` int NOT NULL,
  `title` varchar(150) NOT NULL,
  `description` text NOT NULL,
  `attachment` varchar(255) DEFAULT NULL,
  `due_date` datetime NOT NULL,
  `created_at` timestamp NULL DEFAULT CURRENT_TIMESTAMP,
  PRIMARY KEY (`id`),
  KEY `fk_assignments_subject` (`subject_id`),
  KEY `fk_assignments_classroom` (`classroom_id`),
  KEY `fk_assignments_teacher` (`teacher_id`),
  KEY `fk_assignments_academic_year` (`academic_year_id`),
  CONSTRAINT `fk_assignments_academic_year` FOREIGN KEY (`academic_year_id`) REFERENCES `academic_years` (`id`) ON DELETE RESTRICT ON UPDATE CASCADE,
  CONSTRAINT `fk_assignments_classroom` FOREIGN KEY (`classroom_id`) REFERENCES `classrooms` (`id`) ON DELETE CASCADE ON UPDATE CASCADE,
  CONSTRAINT `fk_assignments_subject` FOREIGN KEY (`subject_id`) REFERENCES `subjects` (`id`) ON DELETE CASCADE ON UPDATE CASCADE,
  CONSTRAINT `fk_assignments_teacher` FOREIGN KEY (`teacher_id`) REFERENCES `teachers` (`id`) ON DELETE CASCADE ON UPDATE CASCADE
) ENGINE=InnoDB AUTO_INCREMENT=26 DEFAULT CHARSET=utf8mb4 COLLATE=utf8mb4_0900_ai_ci;

-- Dumping data for table akademix.assignments: ~22 rows (approximately)
INSERT INTO `assignments` (`id`, `subject_id`, `classroom_id`, `teacher_id`, `academic_year_id`, `title`, `description`, `attachment`, `due_date`, `created_at`) VALUES
	(4, 19, 4, 19, 4, 'Latihan Soal Hukum Newton', 'Kerjakan 10 soal latihan tentang Hukum Newton I, II, dan III. Gunakan konsep F = ma untuk soal hitungan. Tuliskan langkah-langkah penyelesaiannya secara lengkap.', NULL, '2026-04-21 23:59:00', '2026-04-14 01:30:00'),
	(5, 19, 4, 19, 4, 'Laporan Praktikum Usaha dan Energi', 'Buatlah laporan praktikum tentang percobaan kekekalan energi mekanik menggunakan bidang miring. Format laporan: Tujuan, Alat & Bahan, Langkah Kerja, Data Pengamatan, Analisis, dan Kesimpulan.', NULL, '2026-05-10 23:59:00', '2026-04-28 02:00:00'),
	(6, 19, 4, 19, 4, 'Kuis Gelombang dan Bunyi', 'Jawab 5 soal uraian tentang gelombang dan bunyi. Sertakan rumus dan perhitungan yang jelas.', NULL, '2026-05-19 23:59:00', '2026-05-12 01:30:00'),
	(7, 16, 4, 16, 4, 'PR Operasi Matriks', 'Kerjakan soal halaman 45-47 buku paket Matematika kelas XI. Nomor 1-15 tentang penjumlahan, pengurangan, dan perkalian matriks.', NULL, '2026-04-14 23:59:00', '2026-04-07 02:30:00'),
	(8, 16, 4, 16, 4, 'Tugas Determinan Matriks', 'Tentukan determinan dan invers dari 5 matriks berordo 2├ù2 dan 3 matriks berordo 3├ù3. Tunjukkan seluruh langkah penyelesaian.', NULL, '2026-04-28 23:59:00', '2026-04-21 02:30:00'),
	(9, 16, 4, 16, 4, 'Proyek SPLTV dalam Kehidupan Sehari-hari', 'Carilah 3 permasalahan dalam kehidupan sehari-hari yang dapat diselesaikan menggunakan SPLTV. Buatlah model matematikanya dan selesaikan menggunakan metode eliminasi-substitusi.', NULL, '2026-05-15 23:59:00', '2026-05-05 02:30:00'),
	(10, 24, 4, 24, 4, 'Analisis Kurva Permintaan dan Penawaran', 'Buatlah analisis kurva permintaan dan penawaran untuk produk sembako di daerah tempat tinggalmu. Sertakan grafik, tabel, dan penjelasan faktor-faktor yang memengaruhi.', NULL, '2026-04-20 23:59:00', '2026-04-10 03:30:00'),
	(11, 24, 4, 24, 4, 'Studi Kasus Elastisitas Harga', 'Pilih 3 produk berbeda dan analisis elastisitas harga permintaannya. Jelaskan mengapa produk tersebut elastis/inelastis berdasarkan karakteristiknya.', NULL, '2026-05-12 23:59:00', '2026-05-01 03:30:00'),
	(12, 17, 4, 17, 4, 'Menulis Teks Eksposisi', 'Tulislah sebuah teks eksposisi dengan tema pendidikan di Indonesia (minimal 500 kata). Pastikan mengandung struktur tesis, argumentasi, dan penegasan ulang.', NULL, '2026-04-22 23:59:00', '2026-04-15 04:30:00'),
	(13, 17, 4, 17, 4, 'Simulasi Debat Kelompok', 'Persiapkan materi debat dengan mosi: "Media sosial lebih banyak membawa dampak positif daripada negatif bagi pelajar." Tulis argumen afirmasi dan negasi masing-masing minimal 3 poin.', NULL, '2026-05-13 23:59:00', '2026-05-06 04:30:00'),
	(14, 30, 4, 30, 4, 'Proposal Usaha Sederhana', 'Buatlah proposal usaha sederhana yang mencakup: latar belakang, analisis SWOT, rencana pemasaran, dan proyeksi keuangan sederhana. Usaha harus bisa dijalankan oleh siswa SMA.', NULL, '2026-05-20 23:59:00', '2026-05-01 05:00:00'),
	(15, 19, 4, 19, 4, 'Latihan Soal Hukum Newton', 'Kerjakan 10 soal latihan tentang Hukum Newton I, II, dan III. Gunakan konsep F = ma untuk soal hitungan. Tuliskan langkah-langkah penyelesaiannya secara lengkap.', NULL, '2026-04-21 23:59:00', '2026-04-14 01:30:00'),
	(16, 19, 4, 19, 4, 'Laporan Praktikum Usaha dan Energi', 'Buatlah laporan praktikum tentang percobaan kekekalan energi mekanik menggunakan bidang miring. Format laporan: Tujuan, Alat & Bahan, Langkah Kerja, Data Pengamatan, Analisis, dan Kesimpulan.', NULL, '2026-05-10 23:59:00', '2026-04-28 02:00:00'),
	(17, 19, 4, 19, 4, 'Kuis Gelombang dan Bunyi', 'Jawab 5 soal uraian tentang gelombang dan bunyi. Sertakan rumus dan perhitungan yang jelas.', NULL, '2026-05-19 23:59:00', '2026-05-12 01:30:00'),
	(18, 16, 4, 16, 4, 'PR Operasi Matriks', 'Kerjakan soal halaman 45-47 buku paket Matematika kelas XI. Nomor 1-15 tentang penjumlahan, pengurangan, dan perkalian matriks.', NULL, '2026-04-14 23:59:00', '2026-04-07 02:30:00'),
	(19, 16, 4, 16, 4, 'Tugas Determinan Matriks', 'Tentukan determinan dan invers dari 5 matriks berordo 2├ù2 dan 3 matriks berordo 3├ù3. Tunjukkan seluruh langkah penyelesaian.', NULL, '2026-04-28 23:59:00', '2026-04-21 02:30:00'),
	(20, 16, 4, 16, 4, 'Proyek SPLTV dalam Kehidupan Sehari-hari', 'Carilah 3 permasalahan dalam kehidupan sehari-hari yang dapat diselesaikan menggunakan SPLTV. Buatlah model matematikanya dan selesaikan menggunakan metode eliminasi-substitusi.', NULL, '2026-05-15 23:59:00', '2026-05-05 02:30:00'),
	(21, 24, 4, 24, 4, 'Analisis Kurva Permintaan dan Penawaran', 'Buatlah analisis kurva permintaan dan penawaran untuk produk sembako di daerah tempat tinggalmu. Sertakan grafik, tabel, dan penjelasan faktor-faktor yang memengaruhi.', NULL, '2026-04-20 23:59:00', '2026-04-10 03:30:00'),
	(22, 24, 4, 24, 4, 'Studi Kasus Elastisitas Harga', 'Pilih 3 produk berbeda dan analisis elastisitas harga permintaannya. Jelaskan mengapa produk tersebut elastis/inelastis berdasarkan karakteristiknya.', NULL, '2026-05-12 23:59:00', '2026-05-01 03:30:00'),
	(23, 17, 4, 17, 4, 'Menulis Teks Eksposisi', 'Tulislah sebuah teks eksposisi dengan tema pendidikan di Indonesia (minimal 500 kata). Pastikan mengandung struktur tesis, argumentasi, dan penegasan ulang.', NULL, '2026-04-22 23:59:00', '2026-04-15 04:30:00'),
	(24, 17, 4, 17, 4, 'Simulasi Debat Kelompok', 'Persiapkan materi debat dengan mosi: "Media sosial lebih banyak membawa dampak positif daripada negatif bagi pelajar." Tulis argumen afirmasi dan negasi masing-masing minimal 3 poin.', NULL, '2026-05-13 23:59:00', '2026-05-06 04:30:00'),
	(25, 30, 4, 30, 4, 'Proposal Usaha Sederhana', 'Buatlah proposal usaha sederhana yang mencakup: latar belakang, analisis SWOT, rencana pemasaran, dan proyeksi keuangan sederhana. Usaha harus bisa dijalankan oleh siswa SMA.', NULL, '2026-05-20 23:59:00', '2026-05-01 05:00:00');

-- Dumping structure for table akademix.assignment_submissions
CREATE TABLE IF NOT EXISTS `assignment_submissions` (
  `id` int NOT NULL AUTO_INCREMENT,
  `assignment_id` int NOT NULL,
  `student_id` int NOT NULL,
  `content` text NOT NULL,
  `status` enum('belum','submitted','reviewed') NOT NULL DEFAULT 'submitted',
  `submitted_at` datetime DEFAULT NULL,
  `score` decimal(5,2) DEFAULT NULL,
  `feedback` text,
  `attachment` varchar(255) DEFAULT NULL,
  PRIMARY KEY (`id`),
  UNIQUE KEY `uq_assignment_submission` (`assignment_id`,`student_id`),
  KEY `fk_assignment_submissions_student` (`student_id`),
  CONSTRAINT `fk_assignment_submissions_assignment` FOREIGN KEY (`assignment_id`) REFERENCES `assignments` (`id`) ON DELETE CASCADE ON UPDATE CASCADE,
  CONSTRAINT `fk_assignment_submissions_student` FOREIGN KEY (`student_id`) REFERENCES `students` (`id`) ON DELETE CASCADE ON UPDATE CASCADE
) ENGINE=InnoDB AUTO_INCREMENT=19 DEFAULT CHARSET=utf8mb4 COLLATE=utf8mb4_0900_ai_ci;

-- Dumping data for table akademix.assignment_submissions: ~10 rows (approximately)
INSERT INTO `assignment_submissions` (`id`, `assignment_id`, `student_id`, `content`, `status`, `submitted_at`, `score`, `feedback`, `attachment`) VALUES
	(3, 4, 1, 'Jawaban soal Hukum Newton telah dilampirkan.', 'submitted', '2026-04-20 21:30:00', NULL, NULL, NULL),
	(4, 7, 1, 'PR Operasi Matriks sudah dikerjakan.', 'reviewed', '2026-04-13 20:00:00', 85.00, 'Sangat baik! Langkah penyelesaian sudah runtut.', NULL),
	(5, 8, 1, 'Determinan dan invers matriks diselesaikan.', 'submitted', '2026-04-27 19:45:00', NULL, NULL, NULL),
	(6, 10, 1, 'Analisis kurva untuk beras, minyak goreng, gula pasir.', 'reviewed', '2026-04-19 22:00:00', 90.00, 'Analisis yang mendalam. Grafik dan tabel sangat informatif.', NULL),
	(7, 12, 1, 'Teks eksposisi tentang literasi digital.', 'submitted', '2026-04-21 18:30:00', NULL, NULL, NULL),
	(13, 15, 1, 'Jawaban soal Hukum Newton telah dilampirkan.', 'submitted', '2026-05-17 22:06:10', NULL, NULL, 'uploads/submissions/sub_6a09d9625d9cb.png'),
	(14, 18, 1, 'PR Operasi Matriks sudah dikerjakan.', 'reviewed', '2026-04-20 21:30:00', NULL, NULL, NULL),
	(15, 19, 1, 'Determinan dan invers matriks diselesaikan.', 'submitted', '2026-04-20 21:30:00', NULL, NULL, NULL),
	(16, 21, 1, 'Analisis kurva untuk beras, minyak goreng, gula pasir.', 'reviewed', '2026-04-20 21:30:00', NULL, NULL, NULL),
	(17, 23, 1, 'Teks eksposisi tentang literasi digital.', 'submitted', '2026-04-20 21:30:00', NULL, NULL, NULL);

-- Dumping structure for table akademix.attendance_records
CREATE TABLE IF NOT EXISTS `attendance_records` (
  `id` int NOT NULL AUTO_INCREMENT,
  `attendance_session_id` int NOT NULL,
  `student_id` int NOT NULL,
  `status` enum('hadir','izin','sakit','alpha') NOT NULL DEFAULT 'hadir',
  `notes` varchar(255) DEFAULT NULL,
  PRIMARY KEY (`id`),
  KEY `fk_attendance_records_session` (`attendance_session_id`),
  KEY `fk_attendance_records_student` (`student_id`),
  CONSTRAINT `fk_attendance_records_session` FOREIGN KEY (`attendance_session_id`) REFERENCES `attendance_sessions` (`id`) ON DELETE CASCADE ON UPDATE CASCADE,
  CONSTRAINT `fk_attendance_records_student` FOREIGN KEY (`student_id`) REFERENCES `students` (`id`) ON DELETE CASCADE ON UPDATE CASCADE
) ENGINE=InnoDB AUTO_INCREMENT=139 DEFAULT CHARSET=utf8mb4 COLLATE=utf8mb4_0900_ai_ci;

-- Dumping data for table akademix.attendance_records: ~132 rows (approximately)
INSERT INTO `attendance_records` (`id`, `attendance_session_id`, `student_id`, `status`, `notes`) VALUES
	(7, 3, 1, 'hadir', NULL),
	(8, 4, 1, 'hadir', NULL),
	(9, 5, 1, 'hadir', NULL),
	(10, 6, 1, 'hadir', NULL),
	(11, 7, 1, 'hadir', NULL),
	(12, 8, 1, 'hadir', NULL),
	(13, 9, 1, 'hadir', NULL),
	(14, 10, 1, 'hadir', NULL),
	(15, 11, 1, 'hadir', NULL),
	(16, 12, 1, 'hadir', NULL),
	(17, 13, 1, 'izin', NULL),
	(18, 14, 1, 'hadir', NULL),
	(19, 15, 1, 'hadir', NULL),
	(20, 16, 1, 'hadir', NULL),
	(21, 17, 1, 'hadir', NULL),
	(22, 18, 1, 'hadir', NULL),
	(23, 19, 1, 'alpha', NULL),
	(24, 20, 1, 'alpha', NULL),
	(25, 21, 1, 'alpha', NULL),
	(26, 22, 1, 'alpha', NULL),
	(27, 23, 1, 'hadir', NULL),
	(28, 24, 1, 'hadir', NULL),
	(29, 25, 1, 'hadir', NULL),
	(30, 26, 1, 'hadir', NULL),
	(31, 27, 1, 'sakit', NULL),
	(32, 28, 1, 'sakit', NULL),
	(33, 29, 1, 'hadir', NULL),
	(34, 30, 1, 'hadir', NULL),
	(35, 31, 1, 'hadir', NULL),
	(36, 32, 1, 'hadir', NULL),
	(37, 33, 1, 'hadir', NULL),
	(38, 34, 1, 'hadir', NULL),
	(39, 35, 1, 'hadir', NULL),
	(40, 36, 1, 'hadir', NULL),
	(41, 37, 1, 'hadir', NULL),
	(42, 38, 1, 'hadir', NULL),
	(43, 39, 1, 'hadir', NULL),
	(44, 40, 1, 'izin', NULL),
	(45, 41, 1, 'hadir', NULL),
	(46, 42, 1, 'hadir', NULL),
	(47, 43, 1, 'alpha', NULL),
	(48, 44, 1, 'alpha', NULL),
	(49, 45, 1, 'alpha', NULL),
	(50, 46, 1, 'alpha', NULL),
	(51, 47, 5, 'hadir', NULL),
	(52, 47, 905, 'hadir', NULL),
	(53, 47, 913, 'hadir', NULL),
	(54, 47, 923, 'hadir', NULL),
	(55, 47, 918, 'hadir', NULL),
	(56, 47, 912, 'hadir', NULL),
	(57, 47, 911, 'hadir', NULL),
	(58, 47, 917, 'hadir', NULL),
	(59, 47, 907, 'hadir', NULL),
	(60, 47, 922, 'hadir', NULL),
	(61, 47, 914, 'sakit', NULL),
	(62, 47, 919, 'hadir', NULL),
	(63, 47, 910, 'hadir', NULL),
	(64, 47, 916, 'hadir', NULL),
	(65, 47, 908, 'hadir', NULL),
	(66, 47, 4, 'hadir', NULL),
	(67, 47, 909, 'hadir', NULL),
	(68, 47, 920, 'hadir', NULL),
	(69, 47, 921, 'alpha', NULL),
	(70, 47, 924, 'sakit', NULL),
	(71, 47, 915, 'izin', NULL),
	(72, 47, 906, 'hadir', NULL),
	(73, 48, 5, 'hadir', NULL),
	(74, 48, 905, 'hadir', NULL),
	(75, 48, 913, 'hadir', NULL),
	(76, 48, 923, 'hadir', NULL),
	(77, 48, 918, 'hadir', NULL),
	(78, 48, 912, 'hadir', NULL),
	(79, 48, 911, 'hadir', NULL),
	(80, 48, 917, 'hadir', NULL),
	(81, 48, 907, 'hadir', NULL),
	(82, 48, 922, 'hadir', NULL),
	(83, 48, 914, 'hadir', NULL),
	(84, 48, 919, 'hadir', NULL),
	(85, 48, 910, 'hadir', NULL),
	(86, 48, 916, 'hadir', NULL),
	(87, 48, 908, 'hadir', NULL),
	(88, 48, 4, 'hadir', NULL),
	(89, 48, 909, 'hadir', NULL),
	(90, 48, 920, 'hadir', NULL),
	(91, 48, 921, 'alpha', NULL),
	(92, 48, 924, 'hadir', NULL),
	(93, 48, 915, 'hadir', NULL),
	(94, 48, 906, 'sakit', NULL),
	(95, 49, 5, 'sakit', NULL),
	(96, 49, 905, 'izin', NULL),
	(97, 49, 913, 'izin', NULL),
	(98, 49, 923, 'hadir', NULL),
	(99, 49, 918, 'hadir', NULL),
	(100, 49, 912, 'hadir', NULL),
	(101, 49, 911, 'hadir', NULL),
	(102, 49, 917, 'hadir', NULL),
	(103, 49, 907, 'hadir', NULL),
	(104, 49, 922, 'hadir', NULL),
	(105, 49, 914, 'hadir', NULL),
	(106, 49, 919, 'hadir', NULL),
	(107, 49, 910, 'hadir', NULL),
	(108, 49, 916, 'hadir', NULL),
	(109, 49, 908, 'hadir', NULL),
	(110, 49, 4, 'hadir', NULL),
	(111, 49, 909, 'hadir', NULL),
	(112, 49, 920, 'hadir', NULL),
	(113, 49, 921, 'hadir', NULL),
	(114, 49, 924, 'hadir', NULL),
	(115, 49, 915, 'hadir', NULL),
	(116, 49, 906, 'hadir', NULL),
	(117, 50, 5, 'hadir', NULL),
	(118, 50, 905, 'hadir', NULL),
	(119, 50, 913, 'hadir', NULL),
	(120, 50, 923, 'izin', NULL),
	(121, 50, 918, 'hadir', NULL),
	(122, 50, 912, 'sakit', NULL),
	(123, 50, 911, 'hadir', NULL),
	(124, 50, 917, 'alpha', NULL),
	(125, 50, 907, 'hadir', NULL),
	(126, 50, 922, 'hadir', NULL),
	(127, 50, 914, 'hadir', NULL),
	(128, 50, 919, 'hadir', NULL),
	(129, 50, 910, 'hadir', NULL),
	(130, 50, 916, 'hadir', NULL),
	(131, 50, 908, 'hadir', NULL),
	(132, 50, 4, 'hadir', NULL),
	(133, 50, 909, 'hadir', NULL),
	(134, 50, 920, 'hadir', NULL),
	(135, 50, 921, 'hadir', NULL),
	(136, 50, 924, 'hadir', NULL),
	(137, 50, 915, 'hadir', NULL),
	(138, 50, 906, 'hadir', NULL);

-- Dumping structure for table akademix.attendance_sessions
CREATE TABLE IF NOT EXISTS `attendance_sessions` (
  `id` int NOT NULL AUTO_INCREMENT,
  `classroom_id` int NOT NULL,
  `subject_id` int NOT NULL,
  `teacher_id` int NOT NULL,
  `academic_year_id` int NOT NULL,
  `attendance_date` date NOT NULL,
  `notes` varchar(255) DEFAULT NULL,
  `created_at` timestamp NULL DEFAULT CURRENT_TIMESTAMP,
  PRIMARY KEY (`id`),
  KEY `fk_attendance_sessions_classroom` (`classroom_id`),
  KEY `fk_attendance_sessions_subject` (`subject_id`),
  KEY `fk_attendance_sessions_teacher` (`teacher_id`),
  KEY `fk_attendance_sessions_academic_year` (`academic_year_id`),
  CONSTRAINT `fk_attendance_sessions_academic_year` FOREIGN KEY (`academic_year_id`) REFERENCES `academic_years` (`id`) ON DELETE RESTRICT ON UPDATE CASCADE,
  CONSTRAINT `fk_attendance_sessions_classroom` FOREIGN KEY (`classroom_id`) REFERENCES `classrooms` (`id`) ON DELETE CASCADE ON UPDATE CASCADE,
  CONSTRAINT `fk_attendance_sessions_subject` FOREIGN KEY (`subject_id`) REFERENCES `subjects` (`id`) ON DELETE CASCADE ON UPDATE CASCADE,
  CONSTRAINT `fk_attendance_sessions_teacher` FOREIGN KEY (`teacher_id`) REFERENCES `teachers` (`id`) ON DELETE CASCADE ON UPDATE CASCADE
) ENGINE=InnoDB AUTO_INCREMENT=51 DEFAULT CHARSET=utf8mb4 COLLATE=utf8mb4_0900_ai_ci;

-- Dumping data for table akademix.attendance_sessions: ~48 rows (approximately)
INSERT INTO `attendance_sessions` (`id`, `classroom_id`, `subject_id`, `teacher_id`, `academic_year_id`, `attendance_date`, `notes`, `created_at`) VALUES
	(3, 4, 28, 28, 4, '2026-05-01', NULL, '2026-05-16 15:07:56'),
	(4, 4, 19, 19, 4, '2026-05-01', NULL, '2026-05-16 15:07:56'),
	(5, 4, 19, 19, 4, '2026-05-01', NULL, '2026-05-16 15:07:56'),
	(6, 4, 24, 24, 4, '2026-05-01', NULL, '2026-05-16 15:07:56'),
	(7, 4, 19, 19, 4, '2026-05-04', NULL, '2026-05-16 15:07:56'),
	(8, 4, 28, 28, 4, '2026-05-04', NULL, '2026-05-16 15:07:56'),
	(9, 4, 30, 30, 4, '2026-05-04', NULL, '2026-05-16 15:07:56'),
	(10, 4, 24, 24, 4, '2026-05-04', NULL, '2026-05-16 15:07:56'),
	(11, 4, 26, 26, 4, '2026-05-05', NULL, '2026-05-16 15:07:56'),
	(12, 4, 25, 25, 4, '2026-05-05', NULL, '2026-05-16 15:07:56'),
	(13, 4, 29, 29, 4, '2026-05-05', NULL, '2026-05-16 15:07:56'),
	(14, 4, 17, 17, 4, '2026-05-05', NULL, '2026-05-16 15:07:56'),
	(15, 4, 24, 24, 4, '2026-05-06', NULL, '2026-05-16 15:07:56'),
	(16, 4, 16, 16, 4, '2026-05-06', NULL, '2026-05-16 15:07:56'),
	(17, 4, 19, 19, 4, '2026-05-06', NULL, '2026-05-16 15:07:56'),
	(18, 4, 27, 27, 4, '2026-05-06', NULL, '2026-05-16 15:07:56'),
	(19, 4, 30, 30, 4, '2026-05-07', NULL, '2026-05-16 15:07:56'),
	(20, 4, 29, 29, 4, '2026-05-07', NULL, '2026-05-16 15:07:56'),
	(21, 4, 28, 28, 4, '2026-05-07', NULL, '2026-05-16 15:07:56'),
	(22, 4, 18, 18, 4, '2026-05-07', NULL, '2026-05-16 15:07:56'),
	(23, 4, 28, 28, 4, '2026-05-08', NULL, '2026-05-16 15:07:56'),
	(24, 4, 19, 19, 4, '2026-05-08', NULL, '2026-05-16 15:07:56'),
	(25, 4, 19, 19, 4, '2026-05-08', NULL, '2026-05-16 15:07:56'),
	(26, 4, 24, 24, 4, '2026-05-08', NULL, '2026-05-16 15:07:56'),
	(27, 4, 19, 19, 4, '2026-05-11', NULL, '2026-05-16 15:07:56'),
	(28, 4, 28, 28, 4, '2026-05-11', NULL, '2026-05-16 15:07:56'),
	(29, 4, 30, 30, 4, '2026-05-11', NULL, '2026-05-16 15:07:56'),
	(30, 4, 24, 24, 4, '2026-05-11', NULL, '2026-05-16 15:07:56'),
	(31, 4, 26, 26, 4, '2026-05-12', NULL, '2026-05-16 15:07:56'),
	(32, 4, 25, 25, 4, '2026-05-12', NULL, '2026-05-16 15:07:56'),
	(33, 4, 29, 29, 4, '2026-05-12', NULL, '2026-05-16 15:07:56'),
	(34, 4, 17, 17, 4, '2026-05-12', NULL, '2026-05-16 15:07:56'),
	(35, 4, 24, 24, 4, '2026-05-13', NULL, '2026-05-16 15:07:56'),
	(36, 4, 16, 16, 4, '2026-05-13', NULL, '2026-05-16 15:07:56'),
	(37, 4, 19, 19, 4, '2026-05-13', NULL, '2026-05-16 15:07:56'),
	(38, 4, 27, 27, 4, '2026-05-13', NULL, '2026-05-16 15:07:56'),
	(39, 4, 30, 30, 4, '2026-05-14', NULL, '2026-05-16 15:07:56'),
	(40, 4, 29, 29, 4, '2026-05-14', NULL, '2026-05-16 15:07:56'),
	(41, 4, 28, 28, 4, '2026-05-14', NULL, '2026-05-16 15:07:56'),
	(42, 4, 18, 18, 4, '2026-05-14', NULL, '2026-05-16 15:07:56'),
	(43, 4, 28, 28, 4, '2026-05-15', NULL, '2026-05-16 15:07:56'),
	(44, 4, 19, 19, 4, '2026-05-15', NULL, '2026-05-16 15:07:56'),
	(45, 4, 19, 19, 4, '2026-05-15', NULL, '2026-05-16 15:07:56'),
	(46, 4, 24, 24, 4, '2026-05-15', NULL, '2026-05-16 15:07:56'),
	(47, 5, 19, 19, 4, '2026-05-18', '', '2026-05-18 06:30:07'),
	(48, 5, 19, 19, 4, '2026-05-18', '', '2026-05-18 06:30:26'),
	(49, 5, 19, 19, 4, '2026-05-18', 'ulangan harian fisika', '2026-05-18 06:32:50'),
	(50, 16, 19, 19, 4, '2026-05-18', 'uts', '2026-05-18 07:01:20');

-- Dumping structure for table akademix.classes
CREATE TABLE IF NOT EXISTS `classes` (
  `id` int NOT NULL AUTO_INCREMENT,
  `name` varchar(50) NOT NULL,
  PRIMARY KEY (`id`),
  UNIQUE KEY `name` (`name`)
) ENGINE=InnoDB AUTO_INCREMENT=6 DEFAULT CHARSET=utf8mb4 COLLATE=utf8mb4_0900_ai_ci;

-- Dumping data for table akademix.classes: ~5 rows (approximately)
INSERT INTO `classes` (`id`, `name`) VALUES
	(1, 'IPA 1'),
	(2, 'IPA 2'),
	(4, 'IPA 3'),
	(3, 'IPS 1'),
	(5, 'IPS 2');

-- Dumping structure for table akademix.classrooms
CREATE TABLE IF NOT EXISTS `classrooms` (
  `id` int NOT NULL AUTO_INCREMENT,
  `academic_year_id` int NOT NULL,
  `class_id` int NOT NULL,
  `grade_level` int NOT NULL,
  `homeroom_teacher_id` int DEFAULT NULL,
  PRIMARY KEY (`id`),
  KEY `fk_classrooms_academic_year` (`academic_year_id`),
  KEY `fk_classrooms_class` (`class_id`),
  KEY `fk_classrooms_teacher` (`homeroom_teacher_id`),
  CONSTRAINT `fk_classrooms_academic_year` FOREIGN KEY (`academic_year_id`) REFERENCES `academic_years` (`id`) ON DELETE RESTRICT ON UPDATE CASCADE,
  CONSTRAINT `fk_classrooms_class` FOREIGN KEY (`class_id`) REFERENCES `classes` (`id`) ON DELETE RESTRICT ON UPDATE CASCADE,
  CONSTRAINT `fk_classrooms_teacher` FOREIGN KEY (`homeroom_teacher_id`) REFERENCES `teachers` (`id`) ON DELETE SET NULL ON UPDATE CASCADE
) ENGINE=InnoDB AUTO_INCREMENT=20 DEFAULT CHARSET=utf8mb4 COLLATE=utf8mb4_0900_ai_ci;

-- Dumping data for table akademix.classrooms: ~19 rows (approximately)
INSERT INTO `classrooms` (`id`, `academic_year_id`, `class_id`, `grade_level`, `homeroom_teacher_id`) VALUES
	(1, 1, 1, 10, 1),
	(2, 2, 1, 10, 1),
	(3, 3, 1, 11, 1),
	(4, 4, 1, 11, 1),
	(5, 4, 1, 10, 2),
	(6, 4, 2, 10, 3),
	(7, 4, 4, 10, NULL),
	(8, 4, 3, 10, NULL),
	(9, 4, 5, 10, NULL),
	(10, 4, 2, 11, NULL),
	(11, 4, 4, 11, NULL),
	(12, 4, 3, 11, NULL),
	(13, 4, 5, 11, NULL),
	(14, 4, 1, 12, NULL),
	(15, 4, 2, 12, NULL),
	(16, 4, 4, 12, NULL),
	(17, 4, 3, 12, NULL),
	(18, 4, 5, 12, NULL),
	(19, 3, 2, 2, 26);

-- Dumping structure for table akademix.classroom_students
CREATE TABLE IF NOT EXISTS `classroom_students` (
  `id` int NOT NULL AUTO_INCREMENT,
  `classroom_id` int NOT NULL,
  `student_id` int NOT NULL,
  PRIMARY KEY (`id`),
  UNIQUE KEY `uq_classroom_student` (`classroom_id`,`student_id`),
  KEY `fk_classroom_students_student` (`student_id`),
  CONSTRAINT `fk_classroom_students_classroom` FOREIGN KEY (`classroom_id`) REFERENCES `classrooms` (`id`) ON DELETE CASCADE ON UPDATE CASCADE,
  CONSTRAINT `fk_classroom_students_student` FOREIGN KEY (`student_id`) REFERENCES `students` (`id`) ON DELETE CASCADE ON UPDATE CASCADE
) ENGINE=InnoDB AUTO_INCREMENT=1212 DEFAULT CHARSET=utf8mb4 COLLATE=utf8mb4_0900_ai_ci;

-- Dumping data for table akademix.classroom_students: ~314 rows (approximately)
INSERT INTO `classroom_students` (`id`, `classroom_id`, `student_id`) VALUES
	(1, 1, 1),
	(2, 1, 2),
	(3, 2, 1),
	(4, 2, 2),
	(5, 2, 3),
	(6, 3, 1),
	(7, 3, 2),
	(8, 3, 3),
	(9, 4, 1),
	(10, 4, 2),
	(11, 4, 3),
	(1012, 4, 1005),
	(1013, 4, 1006),
	(1014, 4, 1007),
	(1015, 4, 1008),
	(1016, 4, 1009),
	(1017, 4, 1010),
	(1018, 4, 1011),
	(1019, 4, 1012),
	(1020, 4, 1013),
	(1021, 4, 1014),
	(1022, 4, 1015),
	(1023, 4, 1016),
	(1024, 4, 1017),
	(1025, 4, 1018),
	(1026, 4, 1019),
	(1027, 4, 1020),
	(1028, 4, 1021),
	(1029, 4, 1022),
	(1030, 4, 1023),
	(1031, 4, 1024),
	(12, 5, 4),
	(13, 5, 5),
	(912, 5, 905),
	(913, 5, 906),
	(914, 5, 907),
	(915, 5, 908),
	(916, 5, 909),
	(917, 5, 910),
	(918, 5, 911),
	(919, 5, 912),
	(920, 5, 913),
	(921, 5, 914),
	(922, 5, 915),
	(923, 5, 916),
	(924, 5, 917),
	(925, 5, 918),
	(926, 5, 919),
	(927, 5, 920),
	(928, 5, 921),
	(929, 5, 922),
	(930, 5, 923),
	(931, 5, 924),
	(14, 6, 4),
	(932, 6, 925),
	(933, 6, 926),
	(934, 6, 927),
	(935, 6, 928),
	(936, 6, 929),
	(937, 6, 930),
	(938, 6, 931),
	(939, 6, 932),
	(940, 6, 933),
	(941, 6, 934),
	(942, 6, 935),
	(943, 6, 936),
	(944, 6, 937),
	(945, 6, 938),
	(946, 6, 939),
	(947, 6, 940),
	(948, 6, 941),
	(949, 6, 942),
	(950, 6, 943),
	(951, 6, 944),
	(952, 7, 945),
	(953, 7, 946),
	(954, 7, 947),
	(955, 7, 948),
	(956, 7, 949),
	(957, 7, 950),
	(958, 7, 951),
	(959, 7, 952),
	(960, 7, 953),
	(961, 7, 954),
	(962, 7, 955),
	(963, 7, 956),
	(964, 7, 957),
	(965, 7, 958),
	(966, 7, 959),
	(967, 7, 960),
	(968, 7, 961),
	(969, 7, 962),
	(970, 7, 963),
	(971, 7, 964),
	(972, 8, 965),
	(973, 8, 966),
	(974, 8, 967),
	(975, 8, 968),
	(976, 8, 969),
	(977, 8, 970),
	(978, 8, 971),
	(979, 8, 972),
	(980, 8, 973),
	(981, 8, 974),
	(982, 8, 975),
	(983, 8, 976),
	(984, 8, 977),
	(985, 8, 978),
	(986, 8, 979),
	(987, 8, 980),
	(988, 8, 981),
	(989, 8, 982),
	(990, 8, 983),
	(991, 8, 984),
	(992, 9, 985),
	(993, 9, 986),
	(994, 9, 987),
	(995, 9, 988),
	(996, 9, 989),
	(997, 9, 990),
	(998, 9, 991),
	(999, 9, 992),
	(1000, 9, 993),
	(1001, 9, 994),
	(1002, 9, 995),
	(1003, 9, 996),
	(1004, 9, 997),
	(1005, 9, 998),
	(1006, 9, 999),
	(1007, 9, 1000),
	(1008, 9, 1001),
	(1009, 9, 1002),
	(1010, 9, 1003),
	(1011, 9, 1004),
	(1032, 10, 1025),
	(1033, 10, 1026),
	(1034, 10, 1027),
	(1035, 10, 1028),
	(1036, 10, 1029),
	(1037, 10, 1030),
	(1038, 10, 1031),
	(1039, 10, 1032),
	(1040, 10, 1033),
	(1041, 10, 1034),
	(1042, 10, 1035),
	(1043, 10, 1036),
	(1044, 10, 1037),
	(1045, 10, 1038),
	(1046, 10, 1039),
	(1047, 10, 1040),
	(1048, 10, 1041),
	(1049, 10, 1042),
	(1050, 10, 1043),
	(1051, 10, 1044),
	(1052, 11, 1045),
	(1053, 11, 1046),
	(1054, 11, 1047),
	(1055, 11, 1048),
	(1056, 11, 1049),
	(1057, 11, 1050),
	(1058, 11, 1051),
	(1059, 11, 1052),
	(1060, 11, 1053),
	(1061, 11, 1054),
	(1062, 11, 1055),
	(1063, 11, 1056),
	(1064, 11, 1057),
	(1065, 11, 1058),
	(1066, 11, 1059),
	(1067, 11, 1060),
	(1068, 11, 1061),
	(1069, 11, 1062),
	(1070, 11, 1063),
	(1071, 11, 1064),
	(1072, 12, 1065),
	(1073, 12, 1066),
	(1074, 12, 1067),
	(1075, 12, 1068),
	(1076, 12, 1069),
	(1077, 12, 1070),
	(1078, 12, 1071),
	(1079, 12, 1072),
	(1080, 12, 1073),
	(1081, 12, 1074),
	(1082, 12, 1075),
	(1083, 12, 1076),
	(1084, 12, 1077),
	(1085, 12, 1078),
	(1086, 12, 1079),
	(1087, 12, 1080),
	(1088, 12, 1081),
	(1089, 12, 1082),
	(1090, 12, 1083),
	(1091, 12, 1084),
	(1092, 13, 1085),
	(1093, 13, 1086),
	(1094, 13, 1087),
	(1095, 13, 1088),
	(1096, 13, 1089),
	(1097, 13, 1090),
	(1098, 13, 1091),
	(1099, 13, 1092),
	(1100, 13, 1093),
	(1101, 13, 1094),
	(1102, 13, 1095),
	(1103, 13, 1096),
	(1104, 13, 1097),
	(1105, 13, 1098),
	(1106, 13, 1099),
	(1107, 13, 1100),
	(1108, 13, 1101),
	(1109, 13, 1102),
	(1110, 13, 1103),
	(1111, 13, 1104),
	(1112, 14, 1105),
	(1113, 14, 1106),
	(1114, 14, 1107),
	(1115, 14, 1108),
	(1116, 14, 1109),
	(1117, 14, 1110),
	(1118, 14, 1111),
	(1119, 14, 1112),
	(1120, 14, 1113),
	(1121, 14, 1114),
	(1122, 14, 1115),
	(1123, 14, 1116),
	(1124, 14, 1117),
	(1125, 14, 1118),
	(1126, 14, 1119),
	(1127, 14, 1120),
	(1128, 14, 1121),
	(1129, 14, 1122),
	(1130, 14, 1123),
	(1131, 14, 1124),
	(1132, 15, 1125),
	(1133, 15, 1126),
	(1134, 15, 1127),
	(1135, 15, 1128),
	(1136, 15, 1129),
	(1137, 15, 1130),
	(1138, 15, 1131),
	(1139, 15, 1132),
	(1140, 15, 1133),
	(1141, 15, 1134),
	(1142, 15, 1135),
	(1143, 15, 1136),
	(1144, 15, 1137),
	(1145, 15, 1138),
	(1146, 15, 1139),
	(1147, 15, 1140),
	(1148, 15, 1141),
	(1149, 15, 1142),
	(1150, 15, 1143),
	(1151, 15, 1144),
	(1152, 16, 1145),
	(1153, 16, 1146),
	(1154, 16, 1147),
	(1155, 16, 1148),
	(1156, 16, 1149),
	(1157, 16, 1150),
	(1158, 16, 1151),
	(1159, 16, 1152),
	(1160, 16, 1153),
	(1161, 16, 1154),
	(1162, 16, 1155),
	(1163, 16, 1156),
	(1164, 16, 1157),
	(1165, 16, 1158),
	(1166, 16, 1159),
	(1167, 16, 1160),
	(1168, 16, 1161),
	(1169, 16, 1162),
	(1170, 16, 1163),
	(1171, 16, 1164),
	(1172, 17, 1165),
	(1173, 17, 1166),
	(1174, 17, 1167),
	(1175, 17, 1168),
	(1176, 17, 1169),
	(1177, 17, 1170),
	(1178, 17, 1171),
	(1179, 17, 1172),
	(1180, 17, 1173),
	(1181, 17, 1174),
	(1182, 17, 1175),
	(1183, 17, 1176),
	(1184, 17, 1177),
	(1185, 17, 1178),
	(1186, 17, 1179),
	(1187, 17, 1180),
	(1188, 17, 1181),
	(1189, 17, 1182),
	(1190, 17, 1183),
	(1191, 17, 1184),
	(1192, 18, 1185),
	(1193, 18, 1186),
	(1194, 18, 1187),
	(1195, 18, 1188),
	(1196, 18, 1189),
	(1197, 18, 1190),
	(1198, 18, 1191),
	(1199, 18, 1192),
	(1200, 18, 1193),
	(1201, 18, 1194),
	(1202, 18, 1195),
	(1203, 18, 1196),
	(1204, 18, 1197),
	(1205, 18, 1198),
	(1206, 18, 1199),
	(1207, 18, 1200),
	(1208, 18, 1201),
	(1209, 18, 1202),
	(1210, 18, 1203),
	(1211, 18, 1204);

-- Dumping structure for table akademix.cohorts
CREATE TABLE IF NOT EXISTS `cohorts` (
  `id` int NOT NULL AUTO_INCREMENT,
  `year_name` varchar(20) NOT NULL,
  PRIMARY KEY (`id`),
  UNIQUE KEY `year_name` (`year_name`)
) ENGINE=InnoDB AUTO_INCREMENT=4 DEFAULT CHARSET=utf8mb4 COLLATE=utf8mb4_0900_ai_ci;

-- Dumping data for table akademix.cohorts: ~3 rows (approximately)
INSERT INTO `cohorts` (`id`, `year_name`) VALUES
	(3, '2023'),
	(1, '2024'),
	(2, '2025');

-- Dumping structure for table akademix.grades
CREATE TABLE IF NOT EXISTS `grades` (
  `id` int NOT NULL AUTO_INCREMENT,
  `student_id` int NOT NULL,
  `subject_id` int NOT NULL,
  `teacher_id` int NOT NULL,
  `classroom_id` int NOT NULL,
  `academic_year_id` int NOT NULL,
  `semester` enum('ganjil','genap') NOT NULL,
  `grade_type` enum('harian','tugas','rapor') NOT NULL,
  `title` varchar(150) NOT NULL,
  `score` decimal(5,2) NOT NULL,
  `notes` text,
  `created_at` timestamp NULL DEFAULT CURRENT_TIMESTAMP,
  PRIMARY KEY (`id`),
  KEY `fk_grades_student` (`student_id`),
  KEY `fk_grades_subject` (`subject_id`),
  KEY `fk_grades_teacher` (`teacher_id`),
  KEY `fk_grades_classroom` (`classroom_id`),
  KEY `fk_grades_academic_year` (`academic_year_id`),
  CONSTRAINT `fk_grades_academic_year` FOREIGN KEY (`academic_year_id`) REFERENCES `academic_years` (`id`) ON DELETE RESTRICT ON UPDATE CASCADE,
  CONSTRAINT `fk_grades_classroom` FOREIGN KEY (`classroom_id`) REFERENCES `classrooms` (`id`) ON DELETE CASCADE ON UPDATE CASCADE,
  CONSTRAINT `fk_grades_student` FOREIGN KEY (`student_id`) REFERENCES `students` (`id`) ON DELETE CASCADE ON UPDATE CASCADE,
  CONSTRAINT `fk_grades_subject` FOREIGN KEY (`subject_id`) REFERENCES `subjects` (`id`) ON DELETE CASCADE ON UPDATE CASCADE,
  CONSTRAINT `fk_grades_teacher` FOREIGN KEY (`teacher_id`) REFERENCES `teachers` (`id`) ON DELETE CASCADE ON UPDATE CASCADE
) ENGINE=InnoDB AUTO_INCREMENT=80 DEFAULT CHARSET=utf8mb4 COLLATE=utf8mb4_0900_ai_ci;

-- Dumping data for table akademix.grades: ~74 rows (approximately)
INSERT INTO `grades` (`id`, `student_id`, `subject_id`, `teacher_id`, `classroom_id`, `academic_year_id`, `semester`, `grade_type`, `title`, `score`, `notes`, `created_at`) VALUES
	(6, 1, 19, 19, 4, 4, 'genap', 'rapor', 'Nilai Akhir Fisika', 82.00, 'Perlu meningkatkan kemampuan praktikum', '2026-05-16 15:23:52'),
	(7, 1, 16, 16, 4, 4, 'genap', 'rapor', 'Nilai Akhir Matematika', 88.00, 'Konsisten dan rajin mengerjakan tugas', '2026-05-16 15:23:52'),
	(8, 1, 24, 24, 4, 4, 'genap', 'rapor', 'Nilai Akhir Ekonomi', 90.00, 'Pemahaman konsep sangat baik', '2026-05-16 15:23:52'),
	(9, 1, 17, 17, 4, 4, 'genap', 'rapor', 'Nilai Akhir Bahasa Indonesia', 85.00, 'Kemampuan menulis cukup baik', '2026-05-16 15:23:52'),
	(10, 1, 27, 27, 4, 4, 'genap', 'rapor', 'Nilai Akhir PPKn', 87.00, 'Aktif dalam diskusi kelas', '2026-05-16 15:23:52'),
	(11, 5, 19, 19, 5, 4, 'genap', 'tugas', 'Nilai Akhir Fisika', 90.00, '', '2026-05-18 07:14:21'),
	(12, 908, 19, 19, 5, 4, 'ganjil', 'harian', 'Nilai Ulangan Harian', 74.99, '', '2026-05-18 07:15:11'),
	(13, 910, 19, 19, 5, 4, 'ganjil', 'harian', 'uts', 90.00, '', '2026-05-18 07:24:27'),
	(14, 5, 19, 19, 5, 4, 'ganjil', 'harian', 'Ulangan Harian 1', 90.00, '', '2026-05-18 09:36:35'),
	(15, 905, 19, 19, 5, 4, 'ganjil', 'harian', 'Ulangan Harian 1', 85.00, '', '2026-05-18 09:36:35'),
	(16, 913, 19, 19, 5, 4, 'ganjil', 'harian', 'Ulangan Harian 1', 80.00, '', '2026-05-18 09:36:35'),
	(17, 923, 19, 19, 5, 4, 'ganjil', 'harian', 'Ulangan Harian 1', 70.00, '', '2026-05-18 09:36:35'),
	(18, 918, 19, 19, 5, 4, 'ganjil', 'harian', 'Ulangan Harian 1', 75.00, '', '2026-05-18 09:36:35'),
	(19, 912, 19, 19, 5, 4, 'ganjil', 'harian', 'Ulangan Harian 1', 88.00, '', '2026-05-18 09:36:35'),
	(20, 911, 19, 19, 5, 4, 'ganjil', 'harian', 'Ulangan Harian 1', 95.00, '', '2026-05-18 09:36:35'),
	(21, 917, 19, 19, 5, 4, 'ganjil', 'harian', 'Ulangan Harian 1', 90.00, '', '2026-05-18 09:36:35'),
	(22, 907, 19, 19, 5, 4, 'ganjil', 'harian', 'Ulangan Harian 1', 72.00, '', '2026-05-18 09:36:35'),
	(23, 922, 19, 19, 5, 4, 'ganjil', 'harian', 'Ulangan Harian 1', 90.00, '', '2026-05-18 09:36:35'),
	(24, 914, 19, 19, 5, 4, 'ganjil', 'harian', 'Ulangan Harian 1', 90.00, '', '2026-05-18 09:36:35'),
	(25, 919, 19, 19, 5, 4, 'ganjil', 'harian', 'Ulangan Harian 1', 85.00, '', '2026-05-18 09:36:35'),
	(26, 910, 19, 19, 5, 4, 'ganjil', 'harian', 'Ulangan Harian 1', 70.00, '', '2026-05-18 09:36:35'),
	(27, 916, 19, 19, 5, 4, 'ganjil', 'harian', 'Ulangan Harian 1', 75.00, '', '2026-05-18 09:36:35'),
	(28, 908, 19, 19, 5, 4, 'ganjil', 'harian', 'Ulangan Harian 1', 100.00, '', '2026-05-18 09:36:35'),
	(29, 4, 19, 19, 5, 4, 'ganjil', 'harian', 'Ulangan Harian 1', 75.00, '', '2026-05-18 09:36:35'),
	(30, 909, 19, 19, 5, 4, 'ganjil', 'harian', 'Ulangan Harian 1', 90.00, '', '2026-05-18 09:36:35'),
	(31, 920, 19, 19, 5, 4, 'ganjil', 'harian', 'Ulangan Harian 1', 85.00, '', '2026-05-18 09:36:35'),
	(32, 921, 19, 19, 5, 4, 'ganjil', 'harian', 'Ulangan Harian 1', 70.00, '', '2026-05-18 09:36:35'),
	(33, 924, 19, 19, 5, 4, 'ganjil', 'harian', 'Ulangan Harian 1', 80.00, '', '2026-05-18 09:36:35'),
	(34, 915, 19, 19, 5, 4, 'ganjil', 'harian', 'Ulangan Harian 1', 90.00, '', '2026-05-18 09:36:35'),
	(35, 906, 19, 19, 5, 4, 'ganjil', 'harian', 'Ulangan Harian 1', 85.00, '', '2026-05-18 09:36:35'),
	(36, 5, 19, 19, 5, 4, 'ganjil', 'harian', 'Ulangan Harian 1', 90.00, '', '2026-05-18 09:36:50'),
	(37, 905, 19, 19, 5, 4, 'ganjil', 'harian', 'Ulangan Harian 1', 85.00, '', '2026-05-18 09:36:50'),
	(38, 913, 19, 19, 5, 4, 'ganjil', 'harian', 'Ulangan Harian 1', 80.00, '', '2026-05-18 09:36:50'),
	(39, 923, 19, 19, 5, 4, 'ganjil', 'harian', 'Ulangan Harian 1', 70.00, '', '2026-05-18 09:36:50'),
	(40, 918, 19, 19, 5, 4, 'ganjil', 'harian', 'Ulangan Harian 1', 75.00, '', '2026-05-18 09:36:50'),
	(41, 912, 19, 19, 5, 4, 'ganjil', 'harian', 'Ulangan Harian 1', 88.00, '', '2026-05-18 09:36:50'),
	(42, 911, 19, 19, 5, 4, 'ganjil', 'harian', 'Ulangan Harian 1', 95.00, '', '2026-05-18 09:36:50'),
	(43, 917, 19, 19, 5, 4, 'ganjil', 'harian', 'Ulangan Harian 1', 90.00, '', '2026-05-18 09:36:50'),
	(44, 907, 19, 19, 5, 4, 'ganjil', 'harian', 'Ulangan Harian 1', 72.00, '', '2026-05-18 09:36:50'),
	(45, 922, 19, 19, 5, 4, 'ganjil', 'harian', 'Ulangan Harian 1', 90.00, '', '2026-05-18 09:36:50'),
	(46, 914, 19, 19, 5, 4, 'ganjil', 'harian', 'Ulangan Harian 1', 90.00, '', '2026-05-18 09:36:50'),
	(47, 919, 19, 19, 5, 4, 'ganjil', 'harian', 'Ulangan Harian 1', 85.00, '', '2026-05-18 09:36:50'),
	(48, 910, 19, 19, 5, 4, 'ganjil', 'harian', 'Ulangan Harian 1', 70.00, '', '2026-05-18 09:36:50'),
	(49, 916, 19, 19, 5, 4, 'ganjil', 'harian', 'Ulangan Harian 1', 75.00, '', '2026-05-18 09:36:50'),
	(50, 908, 19, 19, 5, 4, 'ganjil', 'harian', 'Ulangan Harian 1', 100.00, '', '2026-05-18 09:36:50'),
	(51, 4, 19, 19, 5, 4, 'ganjil', 'harian', 'Ulangan Harian 1', 75.00, '', '2026-05-18 09:36:50'),
	(52, 909, 19, 19, 5, 4, 'ganjil', 'harian', 'Ulangan Harian 1', 90.00, '', '2026-05-18 09:36:50'),
	(53, 920, 19, 19, 5, 4, 'ganjil', 'harian', 'Ulangan Harian 1', 85.00, '', '2026-05-18 09:36:50'),
	(54, 921, 19, 19, 5, 4, 'ganjil', 'harian', 'Ulangan Harian 1', 70.00, '', '2026-05-18 09:36:50'),
	(55, 924, 19, 19, 5, 4, 'ganjil', 'harian', 'Ulangan Harian 1', 80.00, '', '2026-05-18 09:36:50'),
	(56, 915, 19, 19, 5, 4, 'ganjil', 'harian', 'Ulangan Harian 1', 90.00, '', '2026-05-18 09:36:50'),
	(57, 906, 19, 19, 5, 4, 'ganjil', 'harian', 'Ulangan Harian 1', 85.00, '', '2026-05-18 09:36:50'),
	(58, 5, 19, 19, 5, 4, 'ganjil', 'harian', 'Ulangan Harian 1', 90.00, '', '2026-05-18 09:45:38'),
	(59, 905, 19, 19, 5, 4, 'ganjil', 'harian', 'Ulangan Harian 1', 85.00, '', '2026-05-18 09:45:38'),
	(60, 913, 19, 19, 5, 4, 'ganjil', 'harian', 'Ulangan Harian 1', 80.00, '', '2026-05-18 09:45:38'),
	(61, 923, 19, 19, 5, 4, 'ganjil', 'harian', 'Ulangan Harian 1', 70.00, '', '2026-05-18 09:45:38'),
	(62, 918, 19, 19, 5, 4, 'ganjil', 'harian', 'Ulangan Harian 1', 75.00, '', '2026-05-18 09:45:38'),
	(63, 912, 19, 19, 5, 4, 'ganjil', 'harian', 'Ulangan Harian 1', 88.00, '', '2026-05-18 09:45:38'),
	(64, 911, 19, 19, 5, 4, 'ganjil', 'harian', 'Ulangan Harian 1', 95.00, '', '2026-05-18 09:45:38'),
	(65, 917, 19, 19, 5, 4, 'ganjil', 'harian', 'Ulangan Harian 1', 90.00, '', '2026-05-18 09:45:38'),
	(66, 907, 19, 19, 5, 4, 'ganjil', 'harian', 'Ulangan Harian 1', 72.00, '', '2026-05-18 09:45:38'),
	(67, 922, 19, 19, 5, 4, 'ganjil', 'harian', 'Ulangan Harian 1', 90.00, '', '2026-05-18 09:45:38'),
	(68, 914, 19, 19, 5, 4, 'ganjil', 'harian', 'Ulangan Harian 1', 90.00, '', '2026-05-18 09:45:38'),
	(69, 919, 19, 19, 5, 4, 'ganjil', 'harian', 'Ulangan Harian 1', 85.00, '', '2026-05-18 09:45:38'),
	(70, 910, 19, 19, 5, 4, 'ganjil', 'harian', 'Ulangan Harian 1', 70.00, '', '2026-05-18 09:45:38'),
	(71, 916, 19, 19, 5, 4, 'ganjil', 'harian', 'Ulangan Harian 1', 75.00, '', '2026-05-18 09:45:38'),
	(72, 908, 19, 19, 5, 4, 'ganjil', 'harian', 'Ulangan Harian 1', 100.00, '', '2026-05-18 09:45:38'),
	(73, 4, 19, 19, 5, 4, 'ganjil', 'harian', 'Ulangan Harian 1', 75.00, '', '2026-05-18 09:45:38'),
	(74, 909, 19, 19, 5, 4, 'ganjil', 'harian', 'Ulangan Harian 1', 90.00, '', '2026-05-18 09:45:38'),
	(75, 920, 19, 19, 5, 4, 'ganjil', 'harian', 'Ulangan Harian 1', 85.00, '', '2026-05-18 09:45:38'),
	(76, 921, 19, 19, 5, 4, 'ganjil', 'harian', 'Ulangan Harian 1', 70.00, '', '2026-05-18 09:45:38'),
	(77, 924, 19, 19, 5, 4, 'ganjil', 'harian', 'Ulangan Harian 1', 80.00, '', '2026-05-18 09:45:38'),
	(78, 915, 19, 19, 5, 4, 'ganjil', 'harian', 'Ulangan Harian 1', 90.00, '', '2026-05-18 09:45:38'),
	(79, 906, 19, 19, 5, 4, 'ganjil', 'harian', 'Ulangan Harian 1', 85.00, '', '2026-05-18 09:45:38');

-- Dumping structure for table akademix.materials
CREATE TABLE IF NOT EXISTS `materials` (
  `id` int NOT NULL AUTO_INCREMENT,
  `subject_id` int NOT NULL,
  `classroom_id` int NOT NULL,
  `teacher_id` int NOT NULL,
  `academic_year_id` int NOT NULL,
  `title` varchar(150) NOT NULL,
  `content` text NOT NULL,
  `attachment` varchar(255) DEFAULT NULL,
  `created_at` timestamp NULL DEFAULT CURRENT_TIMESTAMP,
  PRIMARY KEY (`id`),
  KEY `fk_materials_subject` (`subject_id`),
  KEY `fk_materials_classroom` (`classroom_id`),
  KEY `fk_materials_teacher` (`teacher_id`),
  KEY `fk_materials_academic_year` (`academic_year_id`),
  CONSTRAINT `fk_materials_academic_year` FOREIGN KEY (`academic_year_id`) REFERENCES `academic_years` (`id`) ON DELETE RESTRICT ON UPDATE CASCADE,
  CONSTRAINT `fk_materials_classroom` FOREIGN KEY (`classroom_id`) REFERENCES `classrooms` (`id`) ON DELETE CASCADE ON UPDATE CASCADE,
  CONSTRAINT `fk_materials_subject` FOREIGN KEY (`subject_id`) REFERENCES `subjects` (`id`) ON DELETE CASCADE ON UPDATE CASCADE,
  CONSTRAINT `fk_materials_teacher` FOREIGN KEY (`teacher_id`) REFERENCES `teachers` (`id`) ON DELETE CASCADE ON UPDATE CASCADE
) ENGINE=InnoDB AUTO_INCREMENT=28 DEFAULT CHARSET=utf8mb4 COLLATE=utf8mb4_0900_ai_ci;

-- Dumping data for table akademix.materials: ~22 rows (approximately)
INSERT INTO `materials` (`id`, `subject_id`, `classroom_id`, `teacher_id`, `academic_year_id`, `title`, `content`, `attachment`, `created_at`) VALUES
	(4, 19, 4, 19, 4, 'Hukum Newton tentang Gerak', 'Hukum I Newton (Inersia): Setiap benda akan tetap diam atau bergerak lurus beraturan kecuali ada gaya yang bekerja padanya.\r\n\r\nHukum II Newton: F =\r\nGaya yang bekerja pada benda sama dengan massa dikali percepatan.\r\n\r\nHukum III Newton: Setiap aksi memiliki reaksi yang sama besar dan berlawanan arah.', NULL, '2026-04-14 01:00:00'),
	(6, 19, 4, 19, 4, 'Gelombang dan Bunyi', 'Gelombang adalah rambatan energi tanpa disertai perpindahan materi.\r\n\r\nJenis gelombang:\r\n1. Gelombang Transversal\r\n2. Gelombang Longitudinal\r\n\r\n', NULL, '2026-05-12 01:00:00'),
	(7, 16, 4, 16, 4, 'Matriks dan Operasinya', 'Matriks adalah susunan bilangan yang diatur dalam baris dan kolom.\n\nOperasi Matriks:\n1. Penjumlahan dan Pengurangan\n2. Perkalian Skalar\n3. Perkalian Matriks\n4. Transpose Matriks', NULL, '2026-04-07 02:00:00'),
	(8, 16, 4, 16, 4, 'Determinan dan Invers Matriks', 'Determinan matriks 2├ù2:\ndet(A) = ad - bc\n\nInvers matriks:\nAÔü╗┬╣ = (1/det(A)) ├ù adj(A)\n\nSyarat: det(A) Ôëá 0', NULL, '2026-04-21 02:00:00'),
	(9, 16, 4, 16, 4, 'Sistem Persamaan Linear Tiga Variabel', 'SPLTV adalah sistem yang terdiri dari tiga persamaan linear dengan tiga variabel (x, y, z).\n\nMetode penyelesaian:\n1. Eliminasi\n2. Substitusi\n3. Campuran\n4. Menggunakan Matriks (Metode Cramer)', NULL, '2026-05-05 02:00:00'),
	(10, 24, 4, 24, 4, 'Permintaan dan Penawaran', 'Hukum Permintaan: Jika harga naik, jumlah barang yang diminta turun (ceteris paribus).\nHukum Penawaran: Jika harga naik, jumlah barang yang ditawarkan naik.\n\nKeseimbangan pasar terjadi saat Qd = Qs.', NULL, '2026-04-10 03:00:00'),
	(11, 24, 4, 24, 4, 'Elastisitas Harga', 'Elastisitas harga permintaan mengukur seberapa responsif jumlah barang yang diminta terhadap perubahan harga.\n\nEd = (% perubahan Qd) / (% perubahan P)\n\nJenis:\n- Elastis (Ed > 1)\n- Inelastis (Ed < 1)\n- Uniter (Ed = 1)', NULL, '2026-05-01 03:00:00'),
	(12, 17, 4, 17, 4, 'Teks Eksposisi', 'Teks eksposisi adalah teks yang bertujuan memberikan informasi atau penjelasan secara jelas dan padat.\n\nStruktur:\n1. Tesis (Pernyataan Pendapat)\n2. Argumentasi (Alasan)\n3. Penegasan Ulang\n\nCiri kebahasaan: menggunakan kata teknis, konjungsi kausalitas, dan kata persuasif.', NULL, '2026-04-15 04:00:00'),
	(13, 17, 4, 17, 4, 'Teks Debat', 'Debat adalah kegiatan beradu argumentasi antara dua pihak (afirmasi dan negasi) mengenai suatu mosi.\n\nStruktur debat:\n1. Pengenalan\n2. Penyampaian Argumentasi\n3. Bantahan/Sanggahan\n4. Kesimpulan', NULL, '2026-05-06 04:00:00'),
	(14, 27, 4, 27, 4, 'Ancaman terhadap NKRI', 'Ancaman terhadap integrasi nasional meliputi:\n\n1. Ancaman Militer: agresi, pelanggaran wilayah, spionase\n2. Ancaman Non-Militer: ideologi, politik, ekonomi, sosial budaya\n\nStrategi menghadapi ancaman: diplomasi, pertahanan negara, dan bela negara.', NULL, '2026-04-16 05:00:00'),
	(15, 29, 4, 29, 4, 'Seni Rupa Dua Dimensi', 'Seni rupa dua dimensi adalah karya seni yang memiliki panjang dan lebar (tanpa ruang).\n\nContoh: lukisan, gambar, fotografi, batik.\n\nUnsur-unsur seni rupa: garis, bidang, warna, tekstur, gelap-terang.', NULL, '2026-04-22 06:00:00'),
	(16, 19, 4, 19, 4, 'Hukum Newton tentang Gerak', 'Hukum I Newton (Inersia): Setiap benda akan tetap diam atau bergerak lurus beraturan kecuali ada gaya yang bekerja padanya.\n\nHukum II Newton: F = m ├ù a\nGaya yang bekerja pada benda sama dengan massa dikali percepatan.\n\nHukum III Newton: Setiap aksi memiliki reaksi yang sama besar dan berlawanan arah.', NULL, '2026-04-14 01:00:00'),
	(18, 19, 4, 19, 4, 'Gelombang dan Bunyi', 'Gelombang adalah rambatan energi tanpa disertai perpindahan materi.\r\n\r\nJenis gelombang:\r\n1. Gelombang Transversal\r\n2. Gelombang Longitudinal\r\n', NULL, '2026-05-12 01:00:00'),
	(19, 16, 4, 16, 4, 'Matriks dan Operasinya', 'Matriks adalah susunan bilangan yang diatur dalam baris dan kolom.\n\nOperasi Matriks:\n1. Penjumlahan dan Pengurangan\n2. Perkalian Skalar\n3. Perkalian Matriks\n4. Transpose Matriks', NULL, '2026-04-07 02:00:00'),
	(20, 16, 4, 16, 4, 'Determinan dan Invers Matriks', 'Determinan matriks 2├ù2:\ndet(A) = ad - bc\n\nInvers matriks:\nAÔü╗┬╣ = (1/det(A)) ├ù adj(A)\n\nSyarat: det(A) Ôëá 0', NULL, '2026-04-21 02:00:00'),
	(21, 16, 4, 16, 4, 'Sistem Persamaan Linear Tiga Variabel', 'SPLTV adalah sistem yang terdiri dari tiga persamaan linear dengan tiga variabel (x, y, z).\n\nMetode penyelesaian:\n1. Eliminasi\n2. Substitusi\n3. Campuran\n4. Menggunakan Matriks (Metode Cramer)', NULL, '2026-05-05 02:00:00'),
	(22, 24, 4, 24, 4, 'Permintaan dan Penawaran', 'Hukum Permintaan: Jika harga naik, jumlah barang yang diminta turun (ceteris paribus).\nHukum Penawaran: Jika harga naik, jumlah barang yang ditawarkan naik.\n\nKeseimbangan pasar terjadi saat Qd = Qs.', NULL, '2026-04-10 03:00:00'),
	(23, 24, 4, 24, 4, 'Elastisitas Harga', 'Elastisitas harga permintaan mengukur seberapa responsif jumlah barang yang diminta terhadap perubahan harga.\n\nEd = (% perubahan Qd) / (% perubahan P)\n\nJenis:\n- Elastis (Ed > 1)\n- Inelastis (Ed < 1)\n- Uniter (Ed = 1)', NULL, '2026-05-01 03:00:00'),
	(24, 17, 4, 17, 4, 'Teks Eksposisi', 'Teks eksposisi adalah teks yang bertujuan memberikan informasi atau penjelasan secara jelas dan padat.\n\nStruktur:\n1. Tesis (Pernyataan Pendapat)\n2. Argumentasi (Alasan)\n3. Penegasan Ulang\n\nCiri kebahasaan: menggunakan kata teknis, konjungsi kausalitas, dan kata persuasif.', NULL, '2026-04-15 04:00:00'),
	(25, 17, 4, 17, 4, 'Teks Debat', 'Debat adalah kegiatan beradu argumentasi antara dua pihak (afirmasi dan negasi) mengenai suatu mosi.\n\nStruktur debat:\n1. Pengenalan\n2. Penyampaian Argumentasi\n3. Bantahan/Sanggahan\n4. Kesimpulan', NULL, '2026-05-06 04:00:00'),
	(26, 27, 4, 27, 4, 'Ancaman terhadap NKRI', 'Ancaman terhadap integrasi nasional meliputi:\n\n1. Ancaman Militer: agresi, pelanggaran wilayah, spionase\n2. Ancaman Non-Militer: ideologi, politik, ekonomi, sosial budaya\n\nStrategi menghadapi ancaman: diplomasi, pertahanan negara, dan bela negara.', NULL, '2026-04-16 05:00:00'),
	(27, 29, 4, 29, 4, 'Seni Rupa Dua Dimensi', 'Seni rupa dua dimensi adalah karya seni yang memiliki panjang dan lebar (tanpa ruang).\n\nContoh: lukisan, gambar, fotografi, batik.\n\nUnsur-unsur seni rupa: garis, bidang, warna, tekstur, gelap-terang.', NULL, '2026-04-22 06:00:00');

-- Dumping structure for table akademix.schedules
CREATE TABLE IF NOT EXISTS `schedules` (
  `id` int NOT NULL AUTO_INCREMENT,
  `classroom_id` int NOT NULL,
  `subject_id` int NOT NULL,
  `teacher_id` int NOT NULL,
  `day_of_week` enum('Senin','Selasa','Rabu','Kamis','Jumat','Sabtu') NOT NULL,
  `start_time` time NOT NULL,
  `end_time` time NOT NULL,
  PRIMARY KEY (`id`),
  KEY `fk_schedules_classroom` (`classroom_id`),
  KEY `fk_schedules_subject` (`subject_id`),
  KEY `fk_schedules_teacher` (`teacher_id`),
  CONSTRAINT `fk_schedules_classroom` FOREIGN KEY (`classroom_id`) REFERENCES `classrooms` (`id`) ON DELETE CASCADE ON UPDATE CASCADE,
  CONSTRAINT `fk_schedules_subject` FOREIGN KEY (`subject_id`) REFERENCES `subjects` (`id`) ON DELETE CASCADE ON UPDATE CASCADE,
  CONSTRAINT `fk_schedules_teacher` FOREIGN KEY (`teacher_id`) REFERENCES `teachers` (`id`) ON DELETE CASCADE ON UPDATE CASCADE
) ENGINE=InnoDB AUTO_INCREMENT=540 DEFAULT CHARSET=utf8mb4 COLLATE=utf8mb4_0900_ai_ci;

-- Dumping data for table akademix.schedules: ~300 rows (approximately)
INSERT INTO `schedules` (`id`, `classroom_id`, `subject_id`, `teacher_id`, `day_of_week`, `start_time`, `end_time`) VALUES
	(240, 4, 19, 19, 'Senin', '07:00:00', '08:30:00'),
	(241, 4, 28, 28, 'Senin', '08:30:00', '10:00:00'),
	(242, 4, 30, 30, 'Senin', '10:30:00', '12:00:00'),
	(243, 4, 24, 24, 'Senin', '12:30:00', '14:00:00'),
	(244, 4, 26, 26, 'Selasa', '07:00:00', '08:30:00'),
	(245, 4, 25, 25, 'Selasa', '08:30:00', '10:00:00'),
	(246, 4, 29, 29, 'Selasa', '10:30:00', '12:00:00'),
	(247, 4, 17, 17, 'Selasa', '12:30:00', '14:00:00'),
	(248, 4, 24, 24, 'Rabu', '07:00:00', '08:30:00'),
	(249, 4, 16, 16, 'Rabu', '08:30:00', '10:00:00'),
	(250, 4, 19, 19, 'Rabu', '10:30:00', '12:00:00'),
	(251, 4, 27, 27, 'Rabu', '12:30:00', '14:00:00'),
	(252, 4, 30, 30, 'Kamis', '07:00:00', '08:30:00'),
	(253, 4, 29, 29, 'Kamis', '08:30:00', '10:00:00'),
	(254, 4, 28, 28, 'Kamis', '10:30:00', '12:00:00'),
	(255, 4, 18, 18, 'Kamis', '12:30:00', '14:00:00'),
	(256, 4, 28, 28, 'Jumat', '07:00:00', '08:30:00'),
	(257, 4, 19, 19, 'Jumat', '08:30:00', '10:00:00'),
	(258, 4, 19, 19, 'Jumat', '10:30:00', '12:00:00'),
	(259, 4, 24, 24, 'Jumat', '12:30:00', '14:00:00'),
	(260, 5, 16, 16, 'Senin', '07:00:00', '08:30:00'),
	(261, 5, 27, 27, 'Senin', '08:30:00', '10:00:00'),
	(262, 5, 21, 21, 'Senin', '10:30:00', '12:00:00'),
	(263, 5, 20, 20, 'Senin', '12:30:00', '14:00:00'),
	(264, 5, 16, 16, 'Selasa', '07:00:00', '08:30:00'),
	(265, 5, 27, 27, 'Selasa', '08:30:00', '10:00:00'),
	(266, 5, 19, 19, 'Selasa', '10:30:00', '12:00:00'),
	(267, 5, 29, 29, 'Selasa', '12:30:00', '14:00:00'),
	(268, 5, 28, 28, 'Rabu', '07:00:00', '08:30:00'),
	(269, 5, 27, 27, 'Rabu', '08:30:00', '10:00:00'),
	(270, 5, 19, 19, 'Rabu', '10:30:00', '12:00:00'),
	(271, 5, 16, 16, 'Rabu', '12:30:00', '14:00:00'),
	(272, 5, 23, 23, 'Kamis', '07:00:00', '08:30:00'),
	(273, 5, 21, 21, 'Kamis', '08:30:00', '10:00:00'),
	(274, 5, 19, 19, 'Kamis', '10:30:00', '12:00:00'),
	(275, 5, 22, 22, 'Kamis', '12:30:00', '14:00:00'),
	(276, 5, 17, 17, 'Jumat', '07:00:00', '08:30:00'),
	(277, 5, 16, 16, 'Jumat', '08:30:00', '10:00:00'),
	(278, 5, 18, 18, 'Jumat', '10:30:00', '12:00:00'),
	(279, 5, 25, 25, 'Jumat', '12:30:00', '14:00:00'),
	(280, 6, 29, 29, 'Senin', '07:00:00', '08:30:00'),
	(281, 6, 29, 29, 'Senin', '08:30:00', '10:00:00'),
	(282, 6, 28, 28, 'Senin', '10:30:00', '12:00:00'),
	(283, 6, 22, 22, 'Senin', '12:30:00', '14:00:00'),
	(284, 6, 29, 29, 'Selasa', '07:00:00', '08:30:00'),
	(285, 6, 29, 29, 'Selasa', '08:30:00', '10:00:00'),
	(286, 6, 17, 17, 'Selasa', '10:30:00', '12:00:00'),
	(287, 6, 27, 27, 'Selasa', '12:30:00', '14:00:00'),
	(288, 6, 18, 18, 'Rabu', '07:00:00', '08:30:00'),
	(289, 6, 18, 18, 'Rabu', '08:30:00', '10:00:00'),
	(290, 6, 24, 24, 'Rabu', '10:30:00', '12:00:00'),
	(291, 6, 24, 24, 'Rabu', '12:30:00', '14:00:00'),
	(292, 6, 30, 30, 'Kamis', '07:00:00', '08:30:00'),
	(293, 6, 17, 17, 'Kamis', '08:30:00', '10:00:00'),
	(294, 6, 29, 29, 'Kamis', '10:30:00', '12:00:00'),
	(295, 6, 27, 27, 'Kamis', '12:30:00', '14:00:00'),
	(296, 6, 29, 29, 'Jumat', '07:00:00', '08:30:00'),
	(297, 6, 25, 25, 'Jumat', '08:30:00', '10:00:00'),
	(298, 6, 18, 18, 'Jumat', '10:30:00', '12:00:00'),
	(299, 6, 30, 30, 'Jumat', '12:30:00', '14:00:00'),
	(300, 7, 17, 17, 'Senin', '07:00:00', '08:30:00'),
	(301, 7, 29, 29, 'Senin', '08:30:00', '10:00:00'),
	(302, 7, 23, 23, 'Senin', '10:30:00', '12:00:00'),
	(303, 7, 16, 16, 'Senin', '12:30:00', '14:00:00'),
	(304, 7, 29, 29, 'Selasa', '07:00:00', '08:30:00'),
	(305, 7, 17, 17, 'Selasa', '08:30:00', '10:00:00'),
	(306, 7, 19, 19, 'Selasa', '10:30:00', '12:00:00'),
	(307, 7, 22, 22, 'Selasa', '12:30:00', '14:00:00'),
	(308, 7, 23, 23, 'Rabu', '07:00:00', '08:30:00'),
	(309, 7, 17, 17, 'Rabu', '08:30:00', '10:00:00'),
	(310, 7, 18, 18, 'Rabu', '10:30:00', '12:00:00'),
	(311, 7, 28, 28, 'Rabu', '12:30:00', '14:00:00'),
	(312, 7, 27, 27, 'Kamis', '07:00:00', '08:30:00'),
	(313, 7, 27, 27, 'Kamis', '08:30:00', '10:00:00'),
	(314, 7, 19, 19, 'Kamis', '10:30:00', '12:00:00'),
	(315, 7, 17, 17, 'Kamis', '12:30:00', '14:00:00'),
	(316, 7, 21, 21, 'Jumat', '07:00:00', '08:30:00'),
	(317, 7, 18, 18, 'Jumat', '08:30:00', '10:00:00'),
	(318, 7, 21, 21, 'Jumat', '10:30:00', '12:00:00'),
	(319, 7, 27, 27, 'Jumat', '12:30:00', '14:00:00'),
	(320, 8, 30, 30, 'Senin', '07:00:00', '08:30:00'),
	(321, 8, 22, 22, 'Senin', '08:30:00', '10:00:00'),
	(322, 8, 23, 23, 'Senin', '10:30:00', '12:00:00'),
	(323, 8, 20, 20, 'Senin', '12:30:00', '14:00:00'),
	(324, 8, 21, 21, 'Selasa', '07:00:00', '08:30:00'),
	(325, 8, 23, 23, 'Selasa', '08:30:00', '10:00:00'),
	(326, 8, 28, 28, 'Selasa', '10:30:00', '12:00:00'),
	(327, 8, 23, 23, 'Selasa', '12:30:00', '14:00:00'),
	(328, 8, 25, 25, 'Rabu', '07:00:00', '08:30:00'),
	(329, 8, 29, 29, 'Rabu', '08:30:00', '10:00:00'),
	(330, 8, 22, 22, 'Rabu', '10:30:00', '12:00:00'),
	(331, 8, 19, 19, 'Rabu', '12:30:00', '14:00:00'),
	(332, 8, 23, 23, 'Kamis', '07:00:00', '08:30:00'),
	(333, 8, 26, 26, 'Kamis', '08:30:00', '10:00:00'),
	(334, 8, 25, 25, 'Kamis', '10:30:00', '12:00:00'),
	(335, 8, 17, 17, 'Kamis', '12:30:00', '14:00:00'),
	(336, 8, 20, 20, 'Jumat', '07:00:00', '08:30:00'),
	(337, 8, 23, 23, 'Jumat', '08:30:00', '10:00:00'),
	(338, 8, 22, 22, 'Jumat', '10:30:00', '12:00:00'),
	(339, 8, 21, 21, 'Jumat', '12:30:00', '14:00:00'),
	(340, 9, 24, 24, 'Senin', '07:00:00', '08:30:00'),
	(341, 9, 19, 19, 'Senin', '08:30:00', '10:00:00'),
	(342, 9, 30, 30, 'Senin', '10:30:00', '12:00:00'),
	(343, 9, 17, 17, 'Senin', '12:30:00', '14:00:00'),
	(344, 9, 27, 27, 'Selasa', '07:00:00', '08:30:00'),
	(345, 9, 21, 21, 'Selasa', '08:30:00', '10:00:00'),
	(346, 9, 22, 22, 'Selasa', '10:30:00', '12:00:00'),
	(347, 9, 25, 25, 'Selasa', '12:30:00', '14:00:00'),
	(348, 9, 28, 28, 'Rabu', '07:00:00', '08:30:00'),
	(349, 9, 24, 24, 'Rabu', '08:30:00', '10:00:00'),
	(350, 9, 30, 30, 'Rabu', '10:30:00', '12:00:00'),
	(351, 9, 29, 29, 'Rabu', '12:30:00', '14:00:00'),
	(352, 9, 30, 30, 'Kamis', '07:00:00', '08:30:00'),
	(353, 9, 29, 29, 'Kamis', '08:30:00', '10:00:00'),
	(354, 9, 19, 19, 'Kamis', '10:30:00', '12:00:00'),
	(355, 9, 17, 17, 'Kamis', '12:30:00', '14:00:00'),
	(356, 9, 19, 19, 'Jumat', '07:00:00', '08:30:00'),
	(357, 9, 27, 27, 'Jumat', '08:30:00', '10:00:00'),
	(358, 9, 16, 16, 'Jumat', '10:30:00', '12:00:00'),
	(359, 9, 23, 23, 'Jumat', '12:30:00', '14:00:00'),
	(360, 10, 17, 17, 'Senin', '07:00:00', '08:30:00'),
	(361, 10, 20, 20, 'Senin', '08:30:00', '10:00:00'),
	(362, 10, 19, 19, 'Senin', '10:30:00', '12:00:00'),
	(363, 10, 18, 18, 'Senin', '12:30:00', '14:00:00'),
	(364, 10, 26, 26, 'Selasa', '07:00:00', '08:30:00'),
	(365, 10, 21, 21, 'Selasa', '08:30:00', '10:00:00'),
	(366, 10, 27, 27, 'Selasa', '10:30:00', '12:00:00'),
	(367, 10, 18, 18, 'Selasa', '12:30:00', '14:00:00'),
	(368, 10, 18, 18, 'Rabu', '07:00:00', '08:30:00'),
	(369, 10, 17, 17, 'Rabu', '08:30:00', '10:00:00'),
	(370, 10, 25, 25, 'Rabu', '10:30:00', '12:00:00'),
	(371, 10, 20, 20, 'Rabu', '12:30:00', '14:00:00'),
	(372, 10, 28, 28, 'Kamis', '07:00:00', '08:30:00'),
	(373, 10, 25, 25, 'Kamis', '08:30:00', '10:00:00'),
	(374, 10, 21, 21, 'Kamis', '10:30:00', '12:00:00'),
	(375, 10, 24, 24, 'Kamis', '12:30:00', '14:00:00'),
	(376, 10, 18, 18, 'Jumat', '07:00:00', '08:30:00'),
	(377, 10, 21, 21, 'Jumat', '08:30:00', '10:00:00'),
	(378, 10, 21, 21, 'Jumat', '10:30:00', '12:00:00'),
	(379, 10, 29, 29, 'Jumat', '12:30:00', '14:00:00'),
	(380, 11, 16, 16, 'Senin', '07:00:00', '08:30:00'),
	(381, 11, 25, 25, 'Senin', '08:30:00', '10:00:00'),
	(382, 11, 30, 30, 'Senin', '10:30:00', '12:00:00'),
	(383, 11, 21, 21, 'Senin', '12:30:00', '14:00:00'),
	(384, 11, 21, 21, 'Selasa', '07:00:00', '08:30:00'),
	(385, 11, 17, 17, 'Selasa', '08:30:00', '10:00:00'),
	(386, 11, 17, 17, 'Selasa', '10:30:00', '12:00:00'),
	(387, 11, 22, 22, 'Selasa', '12:30:00', '14:00:00'),
	(388, 11, 23, 23, 'Rabu', '07:00:00', '08:30:00'),
	(389, 11, 28, 28, 'Rabu', '08:30:00', '10:00:00'),
	(390, 11, 29, 29, 'Rabu', '10:30:00', '12:00:00'),
	(391, 11, 29, 29, 'Rabu', '12:30:00', '14:00:00'),
	(392, 11, 29, 29, 'Kamis', '07:00:00', '08:30:00'),
	(393, 11, 26, 26, 'Kamis', '08:30:00', '10:00:00'),
	(394, 11, 27, 27, 'Kamis', '10:30:00', '12:00:00'),
	(395, 11, 17, 17, 'Kamis', '12:30:00', '14:00:00'),
	(396, 11, 26, 26, 'Jumat', '07:00:00', '08:30:00'),
	(397, 11, 19, 19, 'Jumat', '08:30:00', '10:00:00'),
	(398, 11, 19, 19, 'Jumat', '10:30:00', '12:00:00'),
	(399, 11, 26, 26, 'Jumat', '12:30:00', '14:00:00'),
	(400, 12, 27, 27, 'Senin', '07:00:00', '08:30:00'),
	(401, 12, 19, 19, 'Senin', '08:30:00', '10:00:00'),
	(402, 12, 17, 17, 'Senin', '10:30:00', '12:00:00'),
	(403, 12, 29, 29, 'Senin', '12:30:00', '14:00:00'),
	(404, 12, 21, 21, 'Selasa', '07:00:00', '08:30:00'),
	(405, 12, 27, 27, 'Selasa', '08:30:00', '10:00:00'),
	(406, 12, 20, 20, 'Selasa', '10:30:00', '12:00:00'),
	(407, 12, 25, 25, 'Selasa', '12:30:00', '14:00:00'),
	(408, 12, 19, 19, 'Rabu', '07:00:00', '08:30:00'),
	(409, 12, 27, 27, 'Rabu', '08:30:00', '10:00:00'),
	(410, 12, 21, 21, 'Rabu', '10:30:00', '12:00:00'),
	(411, 12, 20, 20, 'Rabu', '12:30:00', '14:00:00'),
	(412, 12, 28, 28, 'Kamis', '07:00:00', '08:30:00'),
	(413, 12, 23, 23, 'Kamis', '08:30:00', '10:00:00'),
	(414, 12, 22, 22, 'Kamis', '10:30:00', '12:00:00'),
	(415, 12, 25, 25, 'Kamis', '12:30:00', '14:00:00'),
	(416, 12, 29, 29, 'Jumat', '07:00:00', '08:30:00'),
	(417, 12, 30, 30, 'Jumat', '08:30:00', '10:00:00'),
	(418, 12, 24, 24, 'Jumat', '10:30:00', '12:00:00'),
	(419, 12, 29, 29, 'Jumat', '12:30:00', '14:00:00'),
	(420, 13, 18, 18, 'Senin', '07:00:00', '08:30:00'),
	(421, 13, 16, 16, 'Senin', '08:30:00', '10:00:00'),
	(422, 13, 25, 25, 'Senin', '10:30:00', '12:00:00'),
	(423, 13, 26, 26, 'Senin', '12:30:00', '14:00:00'),
	(424, 13, 30, 30, 'Selasa', '07:00:00', '08:30:00'),
	(425, 13, 29, 29, 'Selasa', '08:30:00', '10:00:00'),
	(426, 13, 17, 17, 'Selasa', '10:30:00', '12:00:00'),
	(427, 13, 29, 29, 'Selasa', '12:30:00', '14:00:00'),
	(428, 13, 17, 17, 'Rabu', '07:00:00', '08:30:00'),
	(429, 13, 25, 25, 'Rabu', '08:30:00', '10:00:00'),
	(430, 13, 26, 26, 'Rabu', '10:30:00', '12:00:00'),
	(431, 13, 18, 18, 'Rabu', '12:30:00', '14:00:00'),
	(432, 13, 30, 30, 'Kamis', '07:00:00', '08:30:00'),
	(433, 13, 21, 21, 'Kamis', '08:30:00', '10:00:00'),
	(434, 13, 18, 18, 'Kamis', '10:30:00', '12:00:00'),
	(435, 13, 29, 29, 'Kamis', '12:30:00', '14:00:00'),
	(436, 13, 27, 27, 'Jumat', '07:00:00', '08:30:00'),
	(437, 13, 16, 16, 'Jumat', '08:30:00', '10:00:00'),
	(438, 13, 24, 24, 'Jumat', '10:30:00', '12:00:00'),
	(439, 13, 20, 20, 'Jumat', '12:30:00', '14:00:00'),
	(440, 14, 28, 28, 'Senin', '07:00:00', '08:30:00'),
	(441, 14, 23, 23, 'Senin', '08:30:00', '10:00:00'),
	(442, 14, 25, 25, 'Senin', '10:30:00', '12:00:00'),
	(443, 14, 22, 22, 'Senin', '12:30:00', '14:00:00'),
	(444, 14, 25, 25, 'Selasa', '07:00:00', '08:30:00'),
	(445, 14, 19, 19, 'Selasa', '08:30:00', '10:00:00'),
	(446, 14, 19, 19, 'Selasa', '10:30:00', '12:00:00'),
	(447, 14, 22, 22, 'Selasa', '12:30:00', '14:00:00'),
	(448, 14, 17, 17, 'Rabu', '07:00:00', '08:30:00'),
	(449, 14, 16, 16, 'Rabu', '08:30:00', '10:00:00'),
	(450, 14, 30, 30, 'Rabu', '10:30:00', '12:00:00'),
	(451, 14, 28, 28, 'Rabu', '12:30:00', '14:00:00'),
	(452, 14, 24, 24, 'Kamis', '07:00:00', '08:30:00'),
	(453, 14, 20, 20, 'Kamis', '08:30:00', '10:00:00'),
	(454, 14, 25, 25, 'Kamis', '10:30:00', '12:00:00'),
	(455, 14, 26, 26, 'Kamis', '12:30:00', '14:00:00'),
	(456, 14, 28, 28, 'Jumat', '07:00:00', '08:30:00'),
	(457, 14, 17, 17, 'Jumat', '08:30:00', '10:00:00'),
	(458, 14, 30, 30, 'Jumat', '10:30:00', '12:00:00'),
	(459, 14, 20, 20, 'Jumat', '12:30:00', '14:00:00'),
	(460, 15, 19, 19, 'Senin', '07:00:00', '08:30:00'),
	(461, 15, 16, 16, 'Senin', '08:30:00', '10:00:00'),
	(462, 15, 20, 20, 'Senin', '10:30:00', '12:00:00'),
	(463, 15, 28, 28, 'Senin', '12:30:00', '14:00:00'),
	(464, 15, 26, 26, 'Selasa', '07:00:00', '08:30:00'),
	(465, 15, 30, 30, 'Selasa', '08:30:00', '10:00:00'),
	(466, 15, 27, 27, 'Selasa', '10:30:00', '12:00:00'),
	(467, 15, 30, 30, 'Selasa', '12:30:00', '14:00:00'),
	(468, 15, 27, 27, 'Rabu', '07:00:00', '08:30:00'),
	(469, 15, 21, 21, 'Rabu', '08:30:00', '10:00:00'),
	(470, 15, 18, 18, 'Rabu', '10:30:00', '12:00:00'),
	(471, 15, 27, 27, 'Rabu', '12:30:00', '14:00:00'),
	(472, 15, 29, 29, 'Kamis', '07:00:00', '08:30:00'),
	(473, 15, 28, 28, 'Kamis', '08:30:00', '10:00:00'),
	(474, 15, 22, 22, 'Kamis', '10:30:00', '12:00:00'),
	(475, 15, 18, 18, 'Kamis', '12:30:00', '14:00:00'),
	(476, 15, 25, 25, 'Jumat', '07:00:00', '08:30:00'),
	(477, 15, 28, 28, 'Jumat', '08:30:00', '10:00:00'),
	(478, 15, 23, 23, 'Jumat', '10:30:00', '12:00:00'),
	(479, 15, 26, 26, 'Jumat', '12:30:00', '14:00:00'),
	(480, 16, 30, 30, 'Senin', '07:00:00', '08:30:00'),
	(481, 16, 30, 30, 'Senin', '08:30:00', '10:00:00'),
	(482, 16, 23, 23, 'Senin', '10:30:00', '12:00:00'),
	(483, 16, 27, 27, 'Senin', '12:30:00', '14:00:00'),
	(484, 16, 20, 20, 'Selasa', '07:00:00', '08:30:00'),
	(485, 16, 30, 30, 'Selasa', '08:30:00', '10:00:00'),
	(486, 16, 26, 26, 'Selasa', '10:30:00', '12:00:00'),
	(487, 16, 27, 27, 'Selasa', '12:30:00', '14:00:00'),
	(488, 16, 28, 28, 'Rabu', '07:00:00', '08:30:00'),
	(489, 16, 25, 25, 'Rabu', '08:30:00', '10:00:00'),
	(490, 16, 26, 26, 'Rabu', '10:30:00', '12:00:00'),
	(491, 16, 20, 20, 'Rabu', '12:30:00', '14:00:00'),
	(492, 16, 28, 28, 'Kamis', '07:00:00', '08:30:00'),
	(493, 16, 19, 19, 'Kamis', '08:30:00', '10:00:00'),
	(494, 16, 25, 25, 'Kamis', '10:30:00', '12:00:00'),
	(495, 16, 24, 24, 'Kamis', '12:30:00', '14:00:00'),
	(496, 16, 22, 22, 'Jumat', '07:00:00', '08:30:00'),
	(497, 16, 28, 28, 'Jumat', '08:30:00', '10:00:00'),
	(498, 16, 23, 23, 'Jumat', '10:30:00', '12:00:00'),
	(499, 16, 22, 22, 'Jumat', '12:30:00', '14:00:00'),
	(500, 17, 27, 27, 'Senin', '07:00:00', '08:30:00'),
	(501, 17, 18, 18, 'Senin', '08:30:00', '10:00:00'),
	(502, 17, 21, 21, 'Senin', '10:30:00', '12:00:00'),
	(503, 17, 27, 27, 'Senin', '12:30:00', '14:00:00'),
	(504, 17, 26, 26, 'Selasa', '07:00:00', '08:30:00'),
	(505, 17, 27, 27, 'Selasa', '08:30:00', '10:00:00'),
	(506, 17, 21, 21, 'Selasa', '10:30:00', '12:00:00'),
	(507, 17, 20, 20, 'Selasa', '12:30:00', '14:00:00'),
	(508, 17, 30, 30, 'Rabu', '07:00:00', '08:30:00'),
	(509, 17, 23, 23, 'Rabu', '08:30:00', '10:00:00'),
	(510, 17, 16, 16, 'Rabu', '10:30:00', '12:00:00'),
	(511, 17, 24, 24, 'Rabu', '12:30:00', '14:00:00'),
	(512, 17, 26, 26, 'Kamis', '07:00:00', '08:30:00'),
	(513, 17, 30, 30, 'Kamis', '08:30:00', '10:00:00'),
	(514, 17, 28, 28, 'Kamis', '10:30:00', '12:00:00'),
	(515, 17, 20, 20, 'Kamis', '12:30:00', '14:00:00'),
	(516, 17, 27, 27, 'Jumat', '07:00:00', '08:30:00'),
	(517, 17, 28, 28, 'Jumat', '08:30:00', '10:00:00'),
	(518, 17, 16, 16, 'Jumat', '10:30:00', '12:00:00'),
	(519, 17, 18, 18, 'Jumat', '12:30:00', '14:00:00'),
	(520, 18, 30, 30, 'Senin', '07:00:00', '08:30:00'),
	(521, 18, 24, 24, 'Senin', '08:30:00', '10:00:00'),
	(522, 18, 24, 24, 'Senin', '10:30:00', '12:00:00'),
	(523, 18, 16, 16, 'Senin', '12:30:00', '14:00:00'),
	(524, 18, 17, 17, 'Selasa', '07:00:00', '08:30:00'),
	(525, 18, 22, 22, 'Selasa', '08:30:00', '10:00:00'),
	(526, 18, 29, 29, 'Selasa', '10:30:00', '12:00:00'),
	(527, 18, 23, 23, 'Selasa', '12:30:00', '14:00:00'),
	(528, 18, 16, 16, 'Rabu', '07:00:00', '08:30:00'),
	(529, 18, 23, 23, 'Rabu', '08:30:00', '10:00:00'),
	(530, 18, 16, 16, 'Rabu', '10:30:00', '12:00:00'),
	(531, 18, 28, 28, 'Rabu', '12:30:00', '14:00:00'),
	(532, 18, 29, 29, 'Kamis', '07:00:00', '08:30:00'),
	(533, 18, 27, 27, 'Kamis', '08:30:00', '10:00:00'),
	(534, 18, 18, 18, 'Kamis', '10:30:00', '12:00:00'),
	(535, 18, 25, 25, 'Kamis', '12:30:00', '14:00:00'),
	(536, 18, 27, 27, 'Jumat', '07:00:00', '08:30:00'),
	(537, 18, 19, 19, 'Jumat', '08:30:00', '10:00:00'),
	(538, 18, 25, 25, 'Jumat', '10:30:00', '12:00:00'),
	(539, 18, 16, 16, 'Jumat', '12:30:00', '14:00:00');

-- Dumping structure for table akademix.students
CREATE TABLE IF NOT EXISTS `students` (
  `id` int NOT NULL AUTO_INCREMENT,
  `user_id` int NOT NULL,
  `cohort_id` int NOT NULL,
  `nis` varchar(50) NOT NULL,
  `gender` enum('L','P') NOT NULL,
  `birth_date` date DEFAULT NULL,
  `phone` varchar(40) DEFAULT NULL,
  `address` text,
  PRIMARY KEY (`id`),
  UNIQUE KEY `user_id` (`user_id`),
  UNIQUE KEY `nis` (`nis`),
  KEY `fk_students_cohort` (`cohort_id`),
  CONSTRAINT `fk_students_cohort` FOREIGN KEY (`cohort_id`) REFERENCES `cohorts` (`id`) ON DELETE RESTRICT ON UPDATE CASCADE,
  CONSTRAINT `fk_students_user` FOREIGN KEY (`user_id`) REFERENCES `users` (`id`) ON DELETE CASCADE ON UPDATE CASCADE
) ENGINE=InnoDB AUTO_INCREMENT=1205 DEFAULT CHARSET=utf8mb4 COLLATE=utf8mb4_0900_ai_ci;

-- Dumping data for table akademix.students: ~305 rows (approximately)
INSERT INTO `students` (`id`, `user_id`, `cohort_id`, `nis`, `gender`, `birth_date`, `phone`, `address`) VALUES
	(1, 7, 1, '20240001', 'L', '2010-04-12', NULL, 'Perum Griya Asri Blok A1'),
	(2, 8, 1, '20240002', 'P', '2010-09-08', NULL, 'Perum Griya Asri Blok A1'),
	(3, 9, 1, '20240003', 'L', '2009-11-30', NULL, 'Jl. Flamboyan No. 18'),
	(4, 10, 2, '20250001', 'P', '2011-03-15', NULL, 'Jl. Flamboyan No. 18'),
	(5, 11, 2, '20250002', 'L', '2011-07-22', NULL, 'Jl. Dahlia No. 3'),
	(905, 1812, 2, '20250101', 'P', NULL, NULL, NULL),
	(906, 1813, 2, '20250102', 'L', NULL, NULL, NULL),
	(907, 1814, 2, '20250103', 'L', NULL, NULL, NULL),
	(908, 1815, 2, '20250104', 'L', NULL, NULL, NULL),
	(909, 1816, 2, '20250105', 'L', NULL, NULL, NULL),
	(910, 1817, 2, '20250106', 'L', NULL, NULL, NULL),
	(911, 1818, 2, '20250107', 'P', NULL, NULL, NULL),
	(912, 1819, 2, '20250108', 'P', NULL, NULL, NULL),
	(913, 1820, 2, '20250109', 'L', NULL, NULL, NULL),
	(914, 1821, 2, '20250110', 'P', NULL, NULL, NULL),
	(915, 1822, 2, '20250111', 'P', NULL, NULL, NULL),
	(916, 1823, 2, '20250112', 'L', NULL, NULL, NULL),
	(917, 1824, 2, '20250113', 'P', NULL, NULL, NULL),
	(918, 1825, 2, '20250114', 'L', NULL, NULL, NULL),
	(919, 1826, 2, '20250115', 'L', NULL, NULL, NULL),
	(920, 1827, 2, '20250116', 'P', NULL, NULL, NULL),
	(921, 1828, 2, '20250117', 'P', NULL, NULL, NULL),
	(922, 1829, 2, '20250118', 'L', NULL, NULL, NULL),
	(923, 1830, 2, '20250119', 'L', NULL, NULL, NULL),
	(924, 1831, 2, '20250120', 'P', NULL, NULL, NULL),
	(925, 1832, 2, '20250121', 'L', NULL, NULL, NULL),
	(926, 1833, 2, '20250122', 'P', NULL, NULL, NULL),
	(927, 1834, 2, '20250123', 'L', NULL, NULL, NULL),
	(928, 1835, 2, '20250124', 'L', NULL, NULL, NULL),
	(929, 1836, 2, '20250125', 'P', NULL, NULL, NULL),
	(930, 1837, 2, '20250126', 'P', NULL, NULL, NULL),
	(931, 1838, 2, '20250127', 'P', NULL, NULL, NULL),
	(932, 1839, 2, '20250128', 'L', NULL, NULL, NULL),
	(933, 1840, 2, '20250129', 'P', NULL, NULL, NULL),
	(934, 1841, 2, '20250130', 'L', NULL, NULL, NULL),
	(935, 1842, 2, '20250131', 'P', NULL, NULL, NULL),
	(936, 1843, 2, '20250132', 'L', NULL, NULL, NULL),
	(937, 1844, 2, '20250133', 'P', NULL, NULL, NULL),
	(938, 1845, 2, '20250134', 'L', NULL, NULL, NULL),
	(939, 1846, 2, '20250135', 'P', NULL, NULL, NULL),
	(940, 1847, 2, '20250136', 'L', NULL, NULL, NULL),
	(941, 1848, 2, '20250137', 'L', NULL, NULL, NULL),
	(942, 1849, 2, '20250138', 'L', NULL, NULL, NULL),
	(943, 1850, 2, '20250139', 'P', NULL, NULL, NULL),
	(944, 1851, 2, '20250140', 'P', NULL, NULL, NULL),
	(945, 1852, 2, '20250141', 'P', NULL, NULL, NULL),
	(946, 1853, 2, '20250142', 'L', NULL, NULL, NULL),
	(947, 1854, 2, '20250143', 'L', NULL, NULL, NULL),
	(948, 1855, 2, '20250144', 'L', NULL, NULL, NULL),
	(949, 1856, 2, '20250145', 'P', NULL, NULL, NULL),
	(950, 1857, 2, '20250146', 'L', NULL, NULL, NULL),
	(951, 1858, 2, '20250147', 'P', NULL, NULL, NULL),
	(952, 1859, 2, '20250148', 'L', NULL, NULL, NULL),
	(953, 1860, 2, '20250149', 'P', NULL, NULL, NULL),
	(954, 1861, 2, '20250150', 'L', NULL, NULL, NULL),
	(955, 1862, 2, '20250151', 'P', NULL, NULL, NULL),
	(956, 1863, 2, '20250152', 'L', NULL, NULL, NULL),
	(957, 1864, 2, '20250153', 'P', NULL, NULL, NULL),
	(958, 1865, 2, '20250154', 'P', NULL, NULL, NULL),
	(959, 1866, 2, '20250155', 'L', NULL, NULL, NULL),
	(960, 1867, 2, '20250156', 'P', NULL, NULL, NULL),
	(961, 1868, 2, '20250157', 'P', NULL, NULL, NULL),
	(962, 1869, 2, '20250158', 'L', NULL, NULL, NULL),
	(963, 1870, 2, '20250159', 'L', NULL, NULL, NULL),
	(964, 1871, 2, '20250160', 'P', NULL, NULL, NULL),
	(965, 1872, 2, '20250161', 'P', NULL, NULL, NULL),
	(966, 1873, 2, '20250162', 'L', NULL, NULL, NULL),
	(967, 1874, 2, '20250163', 'P', NULL, NULL, NULL),
	(968, 1875, 2, '20250164', 'P', NULL, NULL, NULL),
	(969, 1876, 2, '20250165', 'L', NULL, NULL, NULL),
	(970, 1877, 2, '20250166', 'P', NULL, NULL, NULL),
	(971, 1878, 2, '20250167', 'L', NULL, NULL, NULL),
	(972, 1879, 2, '20250168', 'L', NULL, NULL, NULL),
	(973, 1880, 2, '20250169', 'L', NULL, NULL, NULL),
	(974, 1881, 2, '20250170', 'P', NULL, NULL, NULL),
	(975, 1882, 2, '20250171', 'L', NULL, NULL, NULL),
	(976, 1883, 2, '20250172', 'L', NULL, NULL, NULL),
	(977, 1884, 2, '20250173', 'P', NULL, NULL, NULL),
	(978, 1885, 2, '20250174', 'P', NULL, NULL, NULL),
	(979, 1886, 2, '20250175', 'L', NULL, NULL, NULL),
	(980, 1887, 2, '20250176', 'P', NULL, NULL, NULL),
	(981, 1888, 2, '20250177', 'P', NULL, NULL, NULL),
	(982, 1889, 2, '20250178', 'L', NULL, NULL, NULL),
	(983, 1890, 2, '20250179', 'P', NULL, NULL, NULL),
	(984, 1891, 2, '20250180', 'P', NULL, NULL, NULL),
	(985, 1892, 2, '20250181', 'L', NULL, NULL, NULL),
	(986, 1893, 2, '20250182', 'P', NULL, NULL, NULL),
	(987, 1894, 2, '20250183', 'P', NULL, NULL, NULL),
	(988, 1895, 2, '20250184', 'L', NULL, NULL, NULL),
	(989, 1896, 2, '20250185', 'P', NULL, NULL, NULL),
	(990, 1897, 2, '20250186', 'L', NULL, NULL, NULL),
	(991, 1898, 2, '20250187', 'L', NULL, NULL, NULL),
	(992, 1899, 2, '20250188', 'P', NULL, NULL, NULL),
	(993, 1900, 2, '20250189', 'L', NULL, NULL, NULL),
	(994, 1901, 2, '20250190', 'P', NULL, NULL, NULL),
	(995, 1902, 2, '20250191', 'P', NULL, NULL, NULL),
	(996, 1903, 2, '20250192', 'P', NULL, NULL, NULL),
	(997, 1904, 2, '20250193', 'L', NULL, NULL, NULL),
	(998, 1905, 2, '20250194', 'L', NULL, NULL, NULL),
	(999, 1906, 2, '20250195', 'L', NULL, NULL, NULL),
	(1000, 1907, 2, '20250196', 'P', NULL, NULL, NULL),
	(1001, 1908, 2, '20250197', 'L', NULL, NULL, NULL),
	(1002, 1909, 2, '20250198', 'L', NULL, NULL, NULL),
	(1003, 1910, 2, '20250199', 'L', NULL, NULL, NULL),
	(1004, 1911, 2, '20250200', 'P', NULL, NULL, NULL),
	(1005, 1912, 1, '20250201', 'P', NULL, NULL, NULL),
	(1006, 1913, 1, '20250202', 'P', NULL, NULL, NULL),
	(1007, 1914, 1, '20250203', 'L', NULL, NULL, NULL),
	(1008, 1915, 1, '20250204', 'P', NULL, NULL, NULL),
	(1009, 1916, 1, '20250205', 'P', NULL, NULL, NULL),
	(1010, 1917, 1, '20250206', 'P', NULL, NULL, NULL),
	(1011, 1918, 1, '20250207', 'L', NULL, NULL, NULL),
	(1012, 1919, 1, '20250208', 'P', NULL, NULL, NULL),
	(1013, 1920, 1, '20250209', 'L', NULL, NULL, NULL),
	(1014, 1921, 1, '20250210', 'L', NULL, NULL, NULL),
	(1015, 1922, 1, '20250211', 'P', NULL, NULL, NULL),
	(1016, 1923, 1, '20250212', 'L', NULL, NULL, NULL),
	(1017, 1924, 1, '20250213', 'P', NULL, NULL, NULL),
	(1018, 1925, 1, '20250214', 'L', NULL, NULL, NULL),
	(1019, 1926, 1, '20250215', 'L', NULL, NULL, NULL),
	(1020, 1927, 1, '20250216', 'L', NULL, NULL, NULL),
	(1021, 1928, 1, '20250217', 'L', NULL, NULL, NULL),
	(1022, 1929, 1, '20250218', 'P', NULL, NULL, NULL),
	(1023, 1930, 1, '20250219', 'P', NULL, NULL, NULL),
	(1024, 1931, 1, '20250220', 'L', NULL, NULL, NULL),
	(1025, 1932, 1, '20250221', 'P', NULL, NULL, NULL),
	(1026, 1933, 1, '20250222', 'L', NULL, NULL, NULL),
	(1027, 1934, 1, '20250223', 'L', NULL, NULL, NULL),
	(1028, 1935, 1, '20250224', 'P', NULL, NULL, NULL),
	(1029, 1936, 1, '20250225', 'L', NULL, NULL, NULL),
	(1030, 1937, 1, '20250226', 'L', NULL, NULL, NULL),
	(1031, 1938, 1, '20250227', 'P', NULL, NULL, NULL),
	(1032, 1939, 1, '20250228', 'L', NULL, NULL, NULL),
	(1033, 1940, 1, '20250229', 'L', NULL, NULL, NULL),
	(1034, 1941, 1, '20250230', 'L', NULL, NULL, NULL),
	(1035, 1942, 1, '20250231', 'P', NULL, NULL, NULL),
	(1036, 1943, 1, '20250232', 'L', NULL, NULL, NULL),
	(1037, 1944, 1, '20250233', 'P', NULL, NULL, NULL),
	(1038, 1945, 1, '20250234', 'P', NULL, NULL, NULL),
	(1039, 1946, 1, '20250235', 'L', NULL, NULL, NULL),
	(1040, 1947, 1, '20250236', 'P', NULL, NULL, NULL),
	(1041, 1948, 1, '20250237', 'P', NULL, NULL, NULL),
	(1042, 1949, 1, '20250238', 'L', NULL, NULL, NULL),
	(1043, 1950, 1, '20250239', 'L', NULL, NULL, NULL),
	(1044, 1951, 1, '20250240', 'P', NULL, NULL, NULL),
	(1045, 1952, 1, '20250241', 'L', NULL, NULL, NULL),
	(1046, 1953, 1, '20250242', 'L', NULL, NULL, NULL),
	(1047, 1954, 1, '20250243', 'P', NULL, NULL, NULL),
	(1048, 1955, 1, '20250244', 'P', NULL, NULL, NULL),
	(1049, 1956, 1, '20250245', 'L', NULL, NULL, NULL),
	(1050, 1957, 1, '20250246', 'L', NULL, NULL, NULL),
	(1051, 1958, 1, '20250247', 'L', NULL, NULL, NULL),
	(1052, 1959, 1, '20250248', 'P', NULL, NULL, NULL),
	(1053, 1960, 1, '20250249', 'P', NULL, NULL, NULL),
	(1054, 1961, 1, '20250250', 'L', NULL, NULL, NULL),
	(1055, 1962, 1, '20250251', 'P', NULL, NULL, NULL),
	(1056, 1963, 1, '20250252', 'P', NULL, NULL, NULL),
	(1057, 1964, 1, '20250253', 'L', NULL, NULL, NULL),
	(1058, 1965, 1, '20250254', 'P', NULL, NULL, NULL),
	(1059, 1966, 1, '20250255', 'L', NULL, NULL, NULL),
	(1060, 1967, 1, '20250256', 'L', NULL, NULL, NULL),
	(1061, 1968, 1, '20250257', 'P', NULL, NULL, NULL),
	(1062, 1969, 1, '20250258', 'P', NULL, NULL, NULL),
	(1063, 1970, 1, '20250259', 'P', NULL, NULL, NULL),
	(1064, 1971, 1, '20250260', 'L', NULL, NULL, NULL),
	(1065, 1972, 1, '20250261', 'L', NULL, NULL, NULL),
	(1066, 1973, 1, '20250262', 'P', NULL, NULL, NULL),
	(1067, 1974, 1, '20250263', 'P', NULL, NULL, NULL),
	(1068, 1975, 1, '20250264', 'P', NULL, NULL, NULL),
	(1069, 1976, 1, '20250265', 'L', NULL, NULL, NULL),
	(1070, 1977, 1, '20250266', 'L', NULL, NULL, NULL),
	(1071, 1978, 1, '20250267', 'P', NULL, NULL, NULL),
	(1072, 1979, 1, '20250268', 'P', NULL, NULL, NULL),
	(1073, 1980, 1, '20250269', 'L', NULL, NULL, NULL),
	(1074, 1981, 1, '20250270', 'P', NULL, NULL, NULL),
	(1075, 1982, 1, '20250271', 'P', NULL, NULL, NULL),
	(1076, 1983, 1, '20250272', 'P', NULL, NULL, NULL),
	(1077, 1984, 1, '20250273', 'P', NULL, NULL, NULL),
	(1078, 1985, 1, '20250274', 'P', NULL, NULL, NULL),
	(1079, 1986, 1, '20250275', 'P', NULL, NULL, NULL),
	(1080, 1987, 1, '20250276', 'L', NULL, NULL, NULL),
	(1081, 1988, 1, '20250277', 'P', NULL, NULL, NULL),
	(1082, 1989, 1, '20250278', 'L', NULL, NULL, NULL),
	(1083, 1990, 1, '20250279', 'L', NULL, NULL, NULL),
	(1084, 1991, 1, '20250280', 'L', NULL, NULL, NULL),
	(1085, 1992, 1, '20250281', 'P', NULL, NULL, NULL),
	(1086, 1993, 1, '20250282', 'L', NULL, NULL, NULL),
	(1087, 1994, 1, '20250283', 'P', NULL, NULL, NULL),
	(1088, 1995, 1, '20250284', 'L', NULL, NULL, NULL),
	(1089, 1996, 1, '20250285', 'L', NULL, NULL, NULL),
	(1090, 1997, 1, '20250286', 'P', NULL, NULL, NULL),
	(1091, 1998, 1, '20250287', 'P', NULL, NULL, NULL),
	(1092, 1999, 1, '20250288', 'L', NULL, NULL, NULL),
	(1093, 2000, 1, '20250289', 'L', NULL, NULL, NULL),
	(1094, 2001, 1, '20250290', 'L', NULL, NULL, NULL),
	(1095, 2002, 1, '20250291', 'L', NULL, NULL, NULL),
	(1096, 2003, 1, '20250292', 'P', NULL, NULL, NULL),
	(1097, 2004, 1, '20250293', 'L', NULL, NULL, NULL),
	(1098, 2005, 1, '20250294', 'L', NULL, NULL, NULL),
	(1099, 2006, 1, '20250295', 'P', NULL, NULL, NULL),
	(1100, 2007, 1, '20250296', 'P', NULL, NULL, NULL),
	(1101, 2008, 1, '20250297', 'L', NULL, NULL, NULL),
	(1102, 2009, 1, '20250298', 'L', NULL, NULL, NULL),
	(1103, 2010, 1, '20250299', 'L', NULL, NULL, NULL),
	(1104, 2011, 1, '20250300', 'L', NULL, NULL, NULL),
	(1105, 2012, 3, '20250301', 'L', NULL, NULL, NULL),
	(1106, 2013, 3, '20250302', 'L', NULL, NULL, NULL),
	(1107, 2014, 3, '20250303', 'P', NULL, NULL, NULL),
	(1108, 2015, 3, '20250304', 'P', NULL, NULL, NULL),
	(1109, 2016, 3, '20250305', 'L', NULL, NULL, NULL),
	(1110, 2017, 3, '20250306', 'P', NULL, NULL, NULL),
	(1111, 2018, 3, '20250307', 'P', NULL, NULL, NULL),
	(1112, 2019, 3, '20250308', 'P', NULL, NULL, NULL),
	(1113, 2020, 3, '20250309', 'P', NULL, NULL, NULL),
	(1114, 2021, 3, '20250310', 'P', NULL, NULL, NULL),
	(1115, 2022, 3, '20250311', 'L', NULL, NULL, NULL),
	(1116, 2023, 3, '20250312', 'L', NULL, NULL, NULL),
	(1117, 2024, 3, '20250313', 'L', NULL, NULL, NULL),
	(1118, 2025, 3, '20250314', 'P', NULL, NULL, NULL),
	(1119, 2026, 3, '20250315', 'P', NULL, NULL, NULL),
	(1120, 2027, 3, '20250316', 'P', NULL, NULL, NULL),
	(1121, 2028, 3, '20250317', 'L', NULL, NULL, NULL),
	(1122, 2029, 3, '20250318', 'L', NULL, NULL, NULL),
	(1123, 2030, 3, '20250319', 'P', NULL, NULL, NULL),
	(1124, 2031, 3, '20250320', 'P', NULL, NULL, NULL),
	(1125, 2032, 3, '20250321', 'L', NULL, NULL, NULL),
	(1126, 2033, 3, '20250322', 'L', NULL, NULL, NULL),
	(1127, 2034, 3, '20250323', 'P', NULL, NULL, NULL),
	(1128, 2035, 3, '20250324', 'P', NULL, NULL, NULL),
	(1129, 2036, 3, '20250325', 'L', NULL, NULL, NULL),
	(1130, 2037, 3, '20250326', 'L', NULL, NULL, NULL),
	(1131, 2038, 3, '20250327', 'L', NULL, NULL, NULL),
	(1132, 2039, 3, '20250328', 'L', NULL, NULL, NULL),
	(1133, 2040, 3, '20250329', 'L', NULL, NULL, NULL),
	(1134, 2041, 3, '20250330', 'L', NULL, NULL, NULL),
	(1135, 2042, 3, '20250331', 'L', NULL, NULL, NULL),
	(1136, 2043, 3, '20250332', 'L', NULL, NULL, NULL),
	(1137, 2044, 3, '20250333', 'L', NULL, NULL, NULL),
	(1138, 2045, 3, '20250334', 'L', NULL, NULL, NULL),
	(1139, 2046, 3, '20250335', 'P', NULL, NULL, NULL),
	(1140, 2047, 3, '20250336', 'L', NULL, NULL, NULL),
	(1141, 2048, 3, '20250337', 'L', NULL, NULL, NULL),
	(1142, 2049, 3, '20250338', 'L', NULL, NULL, NULL),
	(1143, 2050, 3, '20250339', 'L', NULL, NULL, NULL),
	(1144, 2051, 3, '20250340', 'P', NULL, NULL, NULL),
	(1145, 2052, 3, '20250341', 'L', NULL, NULL, NULL),
	(1146, 2053, 3, '20250342', 'P', NULL, NULL, NULL),
	(1147, 2054, 3, '20250343', 'L', NULL, NULL, NULL),
	(1148, 2055, 3, '20250344', 'P', NULL, NULL, NULL),
	(1149, 2056, 3, '20250345', 'P', NULL, NULL, NULL),
	(1150, 2057, 3, '20250346', 'L', NULL, NULL, NULL),
	(1151, 2058, 3, '20250347', 'P', NULL, NULL, NULL),
	(1152, 2059, 3, '20250348', 'P', NULL, NULL, NULL),
	(1153, 2060, 3, '20250349', 'P', NULL, NULL, NULL),
	(1154, 2061, 3, '20250350', 'P', NULL, NULL, NULL),
	(1155, 2062, 3, '20250351', 'P', NULL, NULL, NULL),
	(1156, 2063, 3, '20250352', 'P', NULL, NULL, NULL),
	(1157, 2064, 3, '20250353', 'P', NULL, NULL, NULL),
	(1158, 2065, 3, '20250354', 'P', NULL, NULL, NULL),
	(1159, 2066, 3, '20250355', 'P', NULL, NULL, NULL),
	(1160, 2067, 3, '20250356', 'P', NULL, NULL, NULL),
	(1161, 2068, 3, '20250357', 'P', NULL, NULL, NULL),
	(1162, 2069, 3, '20250358', 'P', NULL, NULL, NULL),
	(1163, 2070, 3, '20250359', 'L', NULL, NULL, NULL),
	(1164, 2071, 3, '20250360', 'P', NULL, NULL, NULL),
	(1165, 2072, 3, '20250361', 'P', NULL, NULL, NULL),
	(1166, 2073, 3, '20250362', 'P', NULL, NULL, NULL),
	(1167, 2074, 3, '20250363', 'P', NULL, NULL, NULL),
	(1168, 2075, 3, '20250364', 'L', NULL, NULL, NULL),
	(1169, 2076, 3, '20250365', 'L', NULL, NULL, NULL),
	(1170, 2077, 3, '20250366', 'P', NULL, NULL, NULL),
	(1171, 2078, 3, '20250367', 'L', NULL, NULL, NULL),
	(1172, 2079, 3, '20250368', 'L', NULL, NULL, NULL),
	(1173, 2080, 3, '20250369', 'P', NULL, NULL, NULL),
	(1174, 2081, 3, '20250370', 'P', NULL, NULL, NULL),
	(1175, 2082, 3, '20250371', 'L', NULL, NULL, NULL),
	(1176, 2083, 3, '20250372', 'L', NULL, NULL, NULL),
	(1177, 2084, 3, '20250373', 'P', NULL, NULL, NULL),
	(1178, 2085, 3, '20250374', 'L', NULL, NULL, NULL),
	(1179, 2086, 3, '20250375', 'L', NULL, NULL, NULL),
	(1180, 2087, 3, '20250376', 'P', NULL, NULL, NULL),
	(1181, 2088, 3, '20250377', 'L', NULL, NULL, NULL),
	(1182, 2089, 3, '20250378', 'P', NULL, NULL, NULL),
	(1183, 2090, 3, '20250379', 'P', NULL, NULL, NULL),
	(1184, 2091, 3, '20250380', 'P', NULL, NULL, NULL),
	(1185, 2092, 3, '20250381', 'P', NULL, NULL, NULL),
	(1186, 2093, 3, '20250382', 'P', NULL, NULL, NULL),
	(1187, 2094, 3, '20250383', 'P', NULL, NULL, NULL),
	(1188, 2095, 3, '20250384', 'P', NULL, NULL, NULL),
	(1189, 2096, 3, '20250385', 'L', NULL, NULL, NULL),
	(1190, 2097, 3, '20250386', 'P', NULL, NULL, NULL),
	(1191, 2098, 3, '20250387', 'L', NULL, NULL, NULL),
	(1192, 2099, 3, '20250388', 'P', NULL, NULL, NULL),
	(1193, 2100, 3, '20250389', 'L', NULL, NULL, NULL),
	(1194, 2101, 3, '20250390', 'P', NULL, NULL, NULL),
	(1195, 2102, 3, '20250391', 'P', NULL, NULL, NULL),
	(1196, 2103, 3, '20250392', 'P', NULL, NULL, NULL),
	(1197, 2104, 3, '20250393', 'L', NULL, NULL, NULL),
	(1198, 2105, 3, '20250394', 'P', NULL, NULL, NULL),
	(1199, 2106, 3, '20250395', 'L', NULL, NULL, NULL),
	(1200, 2107, 3, '20250396', 'L', NULL, NULL, NULL),
	(1201, 2108, 3, '20250397', 'L', NULL, NULL, NULL),
	(1202, 2109, 3, '20250398', 'L', NULL, NULL, NULL),
	(1203, 2110, 3, '20250399', 'L', NULL, NULL, NULL),
	(1204, 2111, 3, '20250400', 'P', NULL, NULL, NULL);

-- Dumping structure for table akademix.subjects
CREATE TABLE IF NOT EXISTS `subjects` (
  `id` int NOT NULL AUTO_INCREMENT,
  `code` varchar(20) NOT NULL,
  `name` varchar(100) NOT NULL,
  `description` text,
  PRIMARY KEY (`id`),
  UNIQUE KEY `code` (`code`)
) ENGINE=InnoDB AUTO_INCREMENT=31 DEFAULT CHARSET=utf8mb4 COLLATE=utf8mb4_0900_ai_ci;

-- Dumping data for table akademix.subjects: ~15 rows (approximately)
INSERT INTO `subjects` (`id`, `code`, `name`, `description`) VALUES
	(16, 'MTK', 'Matematika', ''),
	(17, 'BIN', 'Bahasa Indonesia', NULL),
	(18, 'ING', 'Bahasa Inggris', NULL),
	(19, 'FIS', 'Fisika', NULL),
	(20, 'KIM', 'Kimia', NULL),
	(21, 'BIO', 'Biologi', NULL),
	(22, 'SEJ', 'Sejarah', NULL),
	(23, 'GEO', 'Geografi', NULL),
	(24, 'EKO', 'Ekonomi', NULL),
	(25, 'SOS', 'Sosiologi', NULL),
	(26, 'PAI', 'Pendidikan Agama Islam', NULL),
	(27, 'PKN', 'Pendidikan Pancasila dan Kewarganegaraan', NULL),
	(28, 'PJOK', 'Pendidikan Jasmani Olahraga dan Kesehatan', ''),
	(29, 'SBD', 'Seni Budaya', NULL),
	(30, 'PRA', 'Prakarya dan Kewirausahaan', NULL);

-- Dumping structure for table akademix.teachers
CREATE TABLE IF NOT EXISTS `teachers` (
  `id` int NOT NULL AUTO_INCREMENT,
  `user_id` int NOT NULL,
  `nip` varchar(50) NOT NULL,
  `phone` varchar(40) DEFAULT NULL,
  `address` text,
  PRIMARY KEY (`id`),
  UNIQUE KEY `user_id` (`user_id`),
  UNIQUE KEY `nip` (`nip`),
  CONSTRAINT `fk_teachers_user` FOREIGN KEY (`user_id`) REFERENCES `users` (`id`) ON DELETE CASCADE ON UPDATE CASCADE
) ENGINE=InnoDB AUTO_INCREMENT=31 DEFAULT CHARSET=utf8mb4 COLLATE=utf8mb4_0900_ai_ci;

-- Dumping data for table akademix.teachers: ~18 rows (approximately)
INSERT INTO `teachers` (`id`, `user_id`, `nip`, `phone`, `address`) VALUES
	(1, 2, '198712012010011001', '081234567890', 'Jl. Melati No. 10'),
	(2, 3, '198903022011012002', '081298765432', 'Jl. Kenanga No. 5'),
	(3, 4, '199005032012011003', '081355556666', 'Jl. Anggrek No. 8'),
	(16, 2124, '1980000101', '081283954929', NULL),
	(17, 2125, '1980000102', '081288856178', NULL),
	(18, 2126, '1980000103', '081242707090', NULL),
	(19, 2127, '1980000104', '081229385752', NULL),
	(20, 2128, '1980000105', '081274684092', NULL),
	(21, 2129, '1980000106', '081217162263', NULL),
	(22, 2130, '1980000107', '081253576875', NULL),
	(23, 2131, '1980000108', '081259944515', NULL),
	(24, 2132, '1980000109', '081248209745', NULL),
	(25, 2133, '1980000110', '081275797987', NULL),
	(26, 2134, '1980000111', '081280580822', NULL),
	(27, 2135, '1980000112', '081295963293', NULL),
	(28, 2136, '1980000113', '081283117571', NULL),
	(29, 2137, '1980000114', '081276311575', NULL),
	(30, 2138, '1980000115', '081257865745', NULL);

-- Dumping structure for table akademix.teacher_subjects
CREATE TABLE IF NOT EXISTS `teacher_subjects` (
  `id` int NOT NULL AUTO_INCREMENT,
  `teacher_id` int NOT NULL,
  `subject_id` int NOT NULL,
  PRIMARY KEY (`id`),
  UNIQUE KEY `uq_teacher_subject` (`teacher_id`,`subject_id`),
  KEY `fk_ts_subject` (`subject_id`),
  CONSTRAINT `fk_ts_subject` FOREIGN KEY (`subject_id`) REFERENCES `subjects` (`id`) ON DELETE CASCADE ON UPDATE CASCADE,
  CONSTRAINT `fk_ts_teacher` FOREIGN KEY (`teacher_id`) REFERENCES `teachers` (`id`) ON DELETE CASCADE ON UPDATE CASCADE
) ENGINE=InnoDB AUTO_INCREMENT=38 DEFAULT CHARSET=utf8mb4 COLLATE=utf8mb4_0900_ai_ci;

-- Dumping data for table akademix.teacher_subjects: ~15 rows (approximately)
INSERT INTO `teacher_subjects` (`id`, `teacher_id`, `subject_id`) VALUES
	(23, 16, 16),
	(24, 17, 17),
	(25, 18, 18),
	(26, 19, 19),
	(27, 20, 20),
	(28, 21, 21),
	(29, 22, 22),
	(30, 23, 23),
	(31, 24, 24),
	(32, 25, 25),
	(33, 26, 26),
	(34, 27, 27),
	(35, 28, 28),
	(36, 29, 29),
	(37, 30, 30);

-- Dumping structure for table akademix.users
CREATE TABLE IF NOT EXISTS `users` (
  `id` int NOT NULL AUTO_INCREMENT,
  `username` varchar(50) DEFAULT NULL,
  `password_hash` varchar(255) NOT NULL,
  `role` enum('admin','teacher','student','parent') NOT NULL,
  `full_name` varchar(120) NOT NULL,
  `email` varchar(120) DEFAULT NULL,
  `is_active` tinyint(1) NOT NULL DEFAULT '1',
  `created_at` timestamp NULL DEFAULT CURRENT_TIMESTAMP,
  PRIMARY KEY (`id`),
  UNIQUE KEY `username` (`username`),
  UNIQUE KEY `email` (`email`)
) ENGINE=InnoDB AUTO_INCREMENT=2139 DEFAULT CHARSET=utf8mb4 COLLATE=utf8mb4_0900_ai_ci;

-- Dumping data for table akademix.users: ~324 rows (approximately)
INSERT INTO `users` (`id`, `username`, `password_hash`, `role`, `full_name`, `email`, `is_active`, `created_at`) VALUES
	(1, 'admin', '$2y$10$92IXUNpkjO0rOQ5byMi.Ye4oKoEa3Ro9llC/.og/at2.uheWG/igi', 'admin', 'Admin Akademix', 'admin@akademix.test', 1, '2026-05-15 12:55:02'),
	(2, 'guru.budi', '$2y$10$92IXUNpkjO0rOQ5byMi.Ye4oKoEa3Ro9llC/.og/at2.uheWG/igi', 'teacher', 'Budi Santoso, S.Pd.', 'budi@akademix.test', 1, '2026-05-15 12:55:02'),
	(3, 'guru.sari', '$2y$10$92IXUNpkjO0rOQ5byMi.Ye4oKoEa3Ro9llC/.og/at2.uheWG/igi', 'teacher', 'Sari Wulandari, M.Pd.', 'sari@akademix.test', 1, '2026-05-15 12:55:02'),
	(4, 'guru.deni', '$2y$10$92IXUNpkjO0rOQ5byMi.Ye4oKoEa3Ro9llC/.og/at2.uheWG/igi', 'teacher', 'Deni Permana, S.Pd.', 'deni@akademix.test', 1, '2026-05-15 12:55:02'),
	(7, NULL, '$2y$10$92IXUNpkjO0rOQ5byMi.Ye4oKoEa3Ro9llC/.og/at2.uheWG/igi', 'student', 'Raka Mahendra', 'raka@akademix.test', 1, '2026-05-15 12:55:02'),
	(8, NULL, '$2y$10$92IXUNpkjO0rOQ5byMi.Ye4oKoEa3Ro9llC/.og/at2.uheWG/igi', 'student', 'Nadia Putri', 'nadia@akademix.test', 1, '2026-05-15 12:55:02'),
	(9, NULL, '$2y$10$92IXUNpkjO0rOQ5byMi.Ye4oKoEa3Ro9llC/.og/at2.uheWG/igi', 'student', 'Fajar Ramadhan', 'fajar@akademix.test', 1, '2026-05-15 12:55:02'),
	(10, NULL, '$2y$10$92IXUNpkjO0rOQ5byMi.Ye4oKoEa3Ro9llC/.og/at2.uheWG/igi', 'student', 'Sinta Dewi', 'sinta@akademix.test', 1, '2026-05-15 12:55:02'),
	(11, NULL, '$2y$10$92IXUNpkjO0rOQ5byMi.Ye4oKoEa3Ro9llC/.og/at2.uheWG/igi', 'student', 'Ahmad Rizky', 'rizky@akademix.test', 1, '2026-05-15 12:55:02'),
	(1812, 'siswa.101', '$2y$10$YKnlPDqeFAv1bxWGZCJJteI/lbCcwQRwnj9M0Dj..jGID3fu4RuFu', 'student', 'Candra Susanti', 'siswa101@akademix.test', 1, '2026-05-16 10:25:56'),
	(1813, 'siswa.102', '$2y$10$YKnlPDqeFAv1bxWGZCJJteI/lbCcwQRwnj9M0Dj..jGID3fu4RuFu', 'student', 'Zahra Wibowo', 'siswa102@akademix.test', 1, '2026-05-16 10:25:56'),
	(1814, 'siswa.103', '$2y$10$YKnlPDqeFAv1bxWGZCJJteI/lbCcwQRwnj9M0Dj..jGID3fu4RuFu', 'student', 'Kiki Syahputra', 'siswa103@akademix.test', 1, '2026-05-16 10:25:56'),
	(1815, 'siswa.104', '$2y$10$YKnlPDqeFAv1bxWGZCJJteI/lbCcwQRwnj9M0Dj..jGID3fu4RuFu', 'student', 'Salma Hidayat', 'siswa104@akademix.test', 1, '2026-05-16 10:25:56'),
	(1816, 'siswa.105', '$2y$10$YKnlPDqeFAv1bxWGZCJJteI/lbCcwQRwnj9M0Dj..jGID3fu4RuFu', 'student', 'Syifa Hidayat', 'siswa105@akademix.test', 1, '2026-05-16 10:25:56'),
	(1817, 'siswa.106', '$2y$10$YKnlPDqeFAv1bxWGZCJJteI/lbCcwQRwnj9M0Dj..jGID3fu4RuFu', 'student', 'Nur Wibowo', 'siswa106@akademix.test', 1, '2026-05-16 10:25:56'),
	(1818, 'siswa.107', '$2y$10$YKnlPDqeFAv1bxWGZCJJteI/lbCcwQRwnj9M0Dj..jGID3fu4RuFu', 'student', 'Hafiz Maulana', 'siswa107@akademix.test', 1, '2026-05-16 10:25:56'),
	(1819, 'siswa.108', '$2y$10$YKnlPDqeFAv1bxWGZCJJteI/lbCcwQRwnj9M0Dj..jGID3fu4RuFu', 'student', 'Gilang Mahendra', 'siswa108@akademix.test', 1, '2026-05-16 10:25:56'),
	(1820, 'siswa.109', '$2y$10$YKnlPDqeFAv1bxWGZCJJteI/lbCcwQRwnj9M0Dj..jGID3fu4RuFu', 'student', 'Dian Purnama', 'siswa109@akademix.test', 1, '2026-05-16 10:25:56'),
	(1821, 'siswa.110', '$2y$10$YKnlPDqeFAv1bxWGZCJJteI/lbCcwQRwnj9M0Dj..jGID3fu4RuFu', 'student', 'Nanda Pratama', 'siswa110@akademix.test', 1, '2026-05-16 10:25:56'),
	(1822, 'siswa.111', '$2y$10$YKnlPDqeFAv1bxWGZCJJteI/lbCcwQRwnj9M0Dj..jGID3fu4RuFu', 'student', 'Zahra Santoso', 'siswa111@akademix.test', 1, '2026-05-16 10:25:56'),
	(1823, 'siswa.112', '$2y$10$YKnlPDqeFAv1bxWGZCJJteI/lbCcwQRwnj9M0Dj..jGID3fu4RuFu', 'student', 'Putri Haryanto', 'siswa112@akademix.test', 1, '2026-05-16 10:25:56'),
	(1824, 'siswa.113', '$2y$10$YKnlPDqeFAv1bxWGZCJJteI/lbCcwQRwnj9M0Dj..jGID3fu4RuFu', 'student', 'Intan Maulana', 'siswa113@akademix.test', 1, '2026-05-16 10:25:56'),
	(1825, 'siswa.114', '$2y$10$YKnlPDqeFAv1bxWGZCJJteI/lbCcwQRwnj9M0Dj..jGID3fu4RuFu', 'student', 'Farhan Kusuma', 'siswa114@akademix.test', 1, '2026-05-16 10:25:56'),
	(1826, 'siswa.115', '$2y$10$YKnlPDqeFAv1bxWGZCJJteI/lbCcwQRwnj9M0Dj..jGID3fu4RuFu', 'student', 'Nanda Sari', 'siswa115@akademix.test', 1, '2026-05-16 10:25:56'),
	(1827, 'siswa.116', '$2y$10$YKnlPDqeFAv1bxWGZCJJteI/lbCcwQRwnj9M0Dj..jGID3fu4RuFu', 'student', 'Tri Ramadhan', 'siswa116@akademix.test', 1, '2026-05-16 10:25:56'),
	(1828, 'siswa.117', '$2y$10$YKnlPDqeFAv1bxWGZCJJteI/lbCcwQRwnj9M0Dj..jGID3fu4RuFu', 'student', 'Tri Ramadhan', 'siswa117@akademix.test', 1, '2026-05-16 10:25:56'),
	(1829, 'siswa.118', '$2y$10$YKnlPDqeFAv1bxWGZCJJteI/lbCcwQRwnj9M0Dj..jGID3fu4RuFu', 'student', 'Lestari Kurniawan', 'siswa118@akademix.test', 1, '2026-05-16 10:25:56'),
	(1830, 'siswa.119', '$2y$10$YKnlPDqeFAv1bxWGZCJJteI/lbCcwQRwnj9M0Dj..jGID3fu4RuFu', 'student', 'Dina Santoso', 'siswa119@akademix.test', 1, '2026-05-16 10:25:56'),
	(1831, 'siswa.120', '$2y$10$YKnlPDqeFAv1bxWGZCJJteI/lbCcwQRwnj9M0Dj..jGID3fu4RuFu', 'student', 'Tri Saputra', 'siswa120@akademix.test', 1, '2026-05-16 10:25:56'),
	(1832, 'siswa.121', '$2y$10$YKnlPDqeFAv1bxWGZCJJteI/lbCcwQRwnj9M0Dj..jGID3fu4RuFu', 'student', 'Kevin Arifin', 'siswa121@akademix.test', 1, '2026-05-16 10:25:56'),
	(1833, 'siswa.122', '$2y$10$YKnlPDqeFAv1bxWGZCJJteI/lbCcwQRwnj9M0Dj..jGID3fu4RuFu', 'student', 'Aulia Firmansyah', 'siswa122@akademix.test', 1, '2026-05-16 10:25:56'),
	(1834, 'siswa.123', '$2y$10$YKnlPDqeFAv1bxWGZCJJteI/lbCcwQRwnj9M0Dj..jGID3fu4RuFu', 'student', 'Rangga Siregar', 'siswa123@akademix.test', 1, '2026-05-16 10:25:56'),
	(1835, 'siswa.124', '$2y$10$YKnlPDqeFAv1bxWGZCJJteI/lbCcwQRwnj9M0Dj..jGID3fu4RuFu', 'student', 'Rizky Syahputra', 'siswa124@akademix.test', 1, '2026-05-16 10:25:56'),
	(1836, 'siswa.125', '$2y$10$YKnlPDqeFAv1bxWGZCJJteI/lbCcwQRwnj9M0Dj..jGID3fu4RuFu', 'student', 'Rian Rahmawati', 'siswa125@akademix.test', 1, '2026-05-16 10:25:56'),
	(1837, 'siswa.126', '$2y$10$YKnlPDqeFAv1bxWGZCJJteI/lbCcwQRwnj9M0Dj..jGID3fu4RuFu', 'student', 'Putri Fauzi', 'siswa126@akademix.test', 1, '2026-05-16 10:25:56'),
	(1838, 'siswa.127', '$2y$10$YKnlPDqeFAv1bxWGZCJJteI/lbCcwQRwnj9M0Dj..jGID3fu4RuFu', 'student', 'Aulia Gunawan', 'siswa127@akademix.test', 1, '2026-05-16 10:25:56'),
	(1839, 'siswa.128', '$2y$10$YKnlPDqeFAv1bxWGZCJJteI/lbCcwQRwnj9M0Dj..jGID3fu4RuFu', 'student', 'Tri Kusuma', 'siswa128@akademix.test', 1, '2026-05-16 10:25:56'),
	(1840, 'siswa.129', '$2y$10$YKnlPDqeFAv1bxWGZCJJteI/lbCcwQRwnj9M0Dj..jGID3fu4RuFu', 'student', 'Hana Maulana', 'siswa129@akademix.test', 1, '2026-05-16 10:25:56'),
	(1841, 'siswa.130', '$2y$10$YKnlPDqeFAv1bxWGZCJJteI/lbCcwQRwnj9M0Dj..jGID3fu4RuFu', 'student', 'Zahra Maulana', 'siswa130@akademix.test', 1, '2026-05-16 10:25:56'),
	(1842, 'siswa.131', '$2y$10$YKnlPDqeFAv1bxWGZCJJteI/lbCcwQRwnj9M0Dj..jGID3fu4RuFu', 'student', 'Fikri Santoso', 'siswa131@akademix.test', 1, '2026-05-16 10:25:56'),
	(1843, 'siswa.132', '$2y$10$YKnlPDqeFAv1bxWGZCJJteI/lbCcwQRwnj9M0Dj..jGID3fu4RuFu', 'student', 'Kiki Wijaya', 'siswa132@akademix.test', 1, '2026-05-16 10:25:56'),
	(1844, 'siswa.133', '$2y$10$YKnlPDqeFAv1bxWGZCJJteI/lbCcwQRwnj9M0Dj..jGID3fu4RuFu', 'student', 'Maya Putri', 'siswa133@akademix.test', 1, '2026-05-16 10:25:56'),
	(1845, 'siswa.134', '$2y$10$YKnlPDqeFAv1bxWGZCJJteI/lbCcwQRwnj9M0Dj..jGID3fu4RuFu', 'student', 'Ilham Purnama', 'siswa134@akademix.test', 1, '2026-05-16 10:25:56'),
	(1846, 'siswa.135', '$2y$10$YKnlPDqeFAv1bxWGZCJJteI/lbCcwQRwnj9M0Dj..jGID3fu4RuFu', 'student', 'Vina Gunawan', 'siswa135@akademix.test', 1, '2026-05-16 10:25:56'),
	(1847, 'siswa.136', '$2y$10$YKnlPDqeFAv1bxWGZCJJteI/lbCcwQRwnj9M0Dj..jGID3fu4RuFu', 'student', 'Siti Wulandari', 'siswa136@akademix.test', 1, '2026-05-16 10:25:56'),
	(1848, 'siswa.137', '$2y$10$YKnlPDqeFAv1bxWGZCJJteI/lbCcwQRwnj9M0Dj..jGID3fu4RuFu', 'student', 'Gilang Rahmawati', 'siswa137@akademix.test', 1, '2026-05-16 10:25:56'),
	(1849, 'siswa.138', '$2y$10$YKnlPDqeFAv1bxWGZCJJteI/lbCcwQRwnj9M0Dj..jGID3fu4RuFu', 'student', 'Vina Setiawan', 'siswa138@akademix.test', 1, '2026-05-16 10:25:56'),
	(1850, 'siswa.139', '$2y$10$YKnlPDqeFAv1bxWGZCJJteI/lbCcwQRwnj9M0Dj..jGID3fu4RuFu', 'student', 'Salsabila Sari', 'siswa139@akademix.test', 1, '2026-05-16 10:25:56'),
	(1851, 'siswa.140', '$2y$10$YKnlPDqeFAv1bxWGZCJJteI/lbCcwQRwnj9M0Dj..jGID3fu4RuFu', 'student', 'Kevin Saputra', 'siswa140@akademix.test', 1, '2026-05-16 10:25:56'),
	(1852, 'siswa.141', '$2y$10$YKnlPDqeFAv1bxWGZCJJteI/lbCcwQRwnj9M0Dj..jGID3fu4RuFu', 'student', 'Joko Santoso', 'siswa141@akademix.test', 1, '2026-05-16 10:25:56'),
	(1853, 'siswa.142', '$2y$10$YKnlPDqeFAv1bxWGZCJJteI/lbCcwQRwnj9M0Dj..jGID3fu4RuFu', 'student', 'Aditya Rahmawati', 'siswa142@akademix.test', 1, '2026-05-16 10:25:56'),
	(1854, 'siswa.143', '$2y$10$YKnlPDqeFAv1bxWGZCJJteI/lbCcwQRwnj9M0Dj..jGID3fu4RuFu', 'student', 'Naufal Hakim', 'siswa143@akademix.test', 1, '2026-05-16 10:25:56'),
	(1855, 'siswa.144', '$2y$10$YKnlPDqeFAv1bxWGZCJJteI/lbCcwQRwnj9M0Dj..jGID3fu4RuFu', 'student', 'Joko Widodo', 'siswa144@akademix.test', 1, '2026-05-16 10:25:56'),
	(1856, 'siswa.145', '$2y$10$YKnlPDqeFAv1bxWGZCJJteI/lbCcwQRwnj9M0Dj..jGID3fu4RuFu', 'student', 'Putri Siregar', 'siswa145@akademix.test', 1, '2026-05-16 10:25:56'),
	(1857, 'siswa.146', '$2y$10$YKnlPDqeFAv1bxWGZCJJteI/lbCcwQRwnj9M0Dj..jGID3fu4RuFu', 'student', 'Ayu Firmansyah', 'siswa146@akademix.test', 1, '2026-05-16 10:25:56'),
	(1858, 'siswa.147', '$2y$10$YKnlPDqeFAv1bxWGZCJJteI/lbCcwQRwnj9M0Dj..jGID3fu4RuFu', 'student', 'Putri Purnama', 'siswa147@akademix.test', 1, '2026-05-16 10:25:56'),
	(1859, 'siswa.148', '$2y$10$YKnlPDqeFAv1bxWGZCJJteI/lbCcwQRwnj9M0Dj..jGID3fu4RuFu', 'student', 'Ayu Wulandari', 'siswa148@akademix.test', 1, '2026-05-16 10:25:56'),
	(1860, 'siswa.149', '$2y$10$YKnlPDqeFAv1bxWGZCJJteI/lbCcwQRwnj9M0Dj..jGID3fu4RuFu', 'student', 'Dewi Saputra', 'siswa149@akademix.test', 1, '2026-05-16 10:25:56'),
	(1861, 'siswa.150', '$2y$10$YKnlPDqeFAv1bxWGZCJJteI/lbCcwQRwnj9M0Dj..jGID3fu4RuFu', 'student', 'Tri Wijaya', 'siswa150@akademix.test', 1, '2026-05-16 10:25:56'),
	(1862, 'siswa.151', '$2y$10$YKnlPDqeFAv1bxWGZCJJteI/lbCcwQRwnj9M0Dj..jGID3fu4RuFu', 'student', 'Dina Wulandari', 'siswa151@akademix.test', 1, '2026-05-16 10:25:56'),
	(1863, 'siswa.152', '$2y$10$YKnlPDqeFAv1bxWGZCJJteI/lbCcwQRwnj9M0Dj..jGID3fu4RuFu', 'student', 'Candra Susanti', 'siswa152@akademix.test', 1, '2026-05-16 10:25:56'),
	(1864, 'siswa.153', '$2y$10$YKnlPDqeFAv1bxWGZCJJteI/lbCcwQRwnj9M0Dj..jGID3fu4RuFu', 'student', 'Hendra Widodo', 'siswa153@akademix.test', 1, '2026-05-16 10:25:56'),
	(1865, 'siswa.154', '$2y$10$YKnlPDqeFAv1bxWGZCJJteI/lbCcwQRwnj9M0Dj..jGID3fu4RuFu', 'student', 'Rangga Lestari', 'siswa154@akademix.test', 1, '2026-05-16 10:25:56'),
	(1866, 'siswa.155', '$2y$10$YKnlPDqeFAv1bxWGZCJJteI/lbCcwQRwnj9M0Dj..jGID3fu4RuFu', 'student', 'Siti Mahendra', 'siswa155@akademix.test', 1, '2026-05-16 10:25:56'),
	(1867, 'siswa.156', '$2y$10$YKnlPDqeFAv1bxWGZCJJteI/lbCcwQRwnj9M0Dj..jGID3fu4RuFu', 'student', 'Yani Susanti', 'siswa156@akademix.test', 1, '2026-05-16 10:25:56'),
	(1868, 'siswa.157', '$2y$10$YKnlPDqeFAv1bxWGZCJJteI/lbCcwQRwnj9M0Dj..jGID3fu4RuFu', 'student', 'Joko Kurniawan', 'siswa157@akademix.test', 1, '2026-05-16 10:25:56'),
	(1869, 'siswa.158', '$2y$10$YKnlPDqeFAv1bxWGZCJJteI/lbCcwQRwnj9M0Dj..jGID3fu4RuFu', 'student', 'Ahmad Sari', 'siswa158@akademix.test', 1, '2026-05-16 10:25:56'),
	(1870, 'siswa.159', '$2y$10$YKnlPDqeFAv1bxWGZCJJteI/lbCcwQRwnj9M0Dj..jGID3fu4RuFu', 'student', 'Tari Lestari', 'siswa159@akademix.test', 1, '2026-05-16 10:25:56'),
	(1871, 'siswa.160', '$2y$10$YKnlPDqeFAv1bxWGZCJJteI/lbCcwQRwnj9M0Dj..jGID3fu4RuFu', 'student', 'Zainal Wijaya', 'siswa160@akademix.test', 1, '2026-05-16 10:25:56'),
	(1872, 'siswa.161', '$2y$10$YKnlPDqeFAv1bxWGZCJJteI/lbCcwQRwnj9M0Dj..jGID3fu4RuFu', 'student', 'Joko Arifin', 'siswa161@akademix.test', 1, '2026-05-16 10:25:56'),
	(1873, 'siswa.162', '$2y$10$YKnlPDqeFAv1bxWGZCJJteI/lbCcwQRwnj9M0Dj..jGID3fu4RuFu', 'student', 'Sri Wulandari', 'siswa162@akademix.test', 1, '2026-05-16 10:25:56'),
	(1874, 'siswa.163', '$2y$10$YKnlPDqeFAv1bxWGZCJJteI/lbCcwQRwnj9M0Dj..jGID3fu4RuFu', 'student', 'Kevin Arifin', 'siswa163@akademix.test', 1, '2026-05-16 10:25:56'),
	(1875, 'siswa.164', '$2y$10$YKnlPDqeFAv1bxWGZCJJteI/lbCcwQRwnj9M0Dj..jGID3fu4RuFu', 'student', 'Irfan Ramadhan', 'siswa164@akademix.test', 1, '2026-05-16 10:25:56'),
	(1876, 'siswa.165', '$2y$10$YKnlPDqeFAv1bxWGZCJJteI/lbCcwQRwnj9M0Dj..jGID3fu4RuFu', 'student', 'Salma Kusuma', 'siswa165@akademix.test', 1, '2026-05-16 10:25:56'),
	(1877, 'siswa.166', '$2y$10$YKnlPDqeFAv1bxWGZCJJteI/lbCcwQRwnj9M0Dj..jGID3fu4RuFu', 'student', 'Syifa Hidayat', 'siswa166@akademix.test', 1, '2026-05-16 10:25:56'),
	(1878, 'siswa.167', '$2y$10$YKnlPDqeFAv1bxWGZCJJteI/lbCcwQRwnj9M0Dj..jGID3fu4RuFu', 'student', 'Putri Sari', 'siswa167@akademix.test', 1, '2026-05-16 10:25:56'),
	(1879, 'siswa.168', '$2y$10$YKnlPDqeFAv1bxWGZCJJteI/lbCcwQRwnj9M0Dj..jGID3fu4RuFu', 'student', 'Kiki Purnama', 'siswa168@akademix.test', 1, '2026-05-16 10:25:56'),
	(1880, 'siswa.169', '$2y$10$YKnlPDqeFAv1bxWGZCJJteI/lbCcwQRwnj9M0Dj..jGID3fu4RuFu', 'student', 'Sari Siregar', 'siswa169@akademix.test', 1, '2026-05-16 10:25:56'),
	(1881, 'siswa.170', '$2y$10$YKnlPDqeFAv1bxWGZCJJteI/lbCcwQRwnj9M0Dj..jGID3fu4RuFu', 'student', 'Rangga Kusuma', 'siswa170@akademix.test', 1, '2026-05-16 10:25:56'),
	(1882, 'siswa.171', '$2y$10$YKnlPDqeFAv1bxWGZCJJteI/lbCcwQRwnj9M0Dj..jGID3fu4RuFu', 'student', 'Rangga Santoso', 'siswa171@akademix.test', 1, '2026-05-16 10:25:56'),
	(1883, 'siswa.172', '$2y$10$YKnlPDqeFAv1bxWGZCJJteI/lbCcwQRwnj9M0Dj..jGID3fu4RuFu', 'student', 'Dian Wulandari', 'siswa172@akademix.test', 1, '2026-05-16 10:25:56'),
	(1884, 'siswa.173', '$2y$10$YKnlPDqeFAv1bxWGZCJJteI/lbCcwQRwnj9M0Dj..jGID3fu4RuFu', 'student', 'Dewi Lestari', 'siswa173@akademix.test', 1, '2026-05-16 10:25:56'),
	(1885, 'siswa.174', '$2y$10$YKnlPDqeFAv1bxWGZCJJteI/lbCcwQRwnj9M0Dj..jGID3fu4RuFu', 'student', 'Fikri Yulianto', 'siswa174@akademix.test', 1, '2026-05-16 10:25:56'),
	(1886, 'siswa.175', '$2y$10$YKnlPDqeFAv1bxWGZCJJteI/lbCcwQRwnj9M0Dj..jGID3fu4RuFu', 'student', 'Wahyu Santoso', 'siswa175@akademix.test', 1, '2026-05-16 10:25:56'),
	(1887, 'siswa.176', '$2y$10$YKnlPDqeFAv1bxWGZCJJteI/lbCcwQRwnj9M0Dj..jGID3fu4RuFu', 'student', 'Hafiz Lestari', 'siswa176@akademix.test', 1, '2026-05-16 10:25:56'),
	(1888, 'siswa.177', '$2y$10$YKnlPDqeFAv1bxWGZCJJteI/lbCcwQRwnj9M0Dj..jGID3fu4RuFu', 'student', 'Rafi Gunawan', 'siswa177@akademix.test', 1, '2026-05-16 10:25:56'),
	(1889, 'siswa.178', '$2y$10$YKnlPDqeFAv1bxWGZCJJteI/lbCcwQRwnj9M0Dj..jGID3fu4RuFu', 'student', 'Rian Putri', 'siswa178@akademix.test', 1, '2026-05-16 10:25:56'),
	(1890, 'siswa.179', '$2y$10$YKnlPDqeFAv1bxWGZCJJteI/lbCcwQRwnj9M0Dj..jGID3fu4RuFu', 'student', 'Fauzan Maulana', 'siswa179@akademix.test', 1, '2026-05-16 10:25:56'),
	(1891, 'siswa.180', '$2y$10$YKnlPDqeFAv1bxWGZCJJteI/lbCcwQRwnj9M0Dj..jGID3fu4RuFu', 'student', 'Dimas Hidayat', 'siswa180@akademix.test', 1, '2026-05-16 10:25:56'),
	(1892, 'siswa.181', '$2y$10$YKnlPDqeFAv1bxWGZCJJteI/lbCcwQRwnj9M0Dj..jGID3fu4RuFu', 'student', 'Farhan Sari', 'siswa181@akademix.test', 1, '2026-05-16 10:25:56'),
	(1893, 'siswa.182', '$2y$10$YKnlPDqeFAv1bxWGZCJJteI/lbCcwQRwnj9M0Dj..jGID3fu4RuFu', 'student', 'Rizky Putri', 'siswa182@akademix.test', 1, '2026-05-16 10:25:56'),
	(1894, 'siswa.183', '$2y$10$YKnlPDqeFAv1bxWGZCJJteI/lbCcwQRwnj9M0Dj..jGID3fu4RuFu', 'student', 'Tri Maulana', 'siswa183@akademix.test', 1, '2026-05-16 10:25:56'),
	(1895, 'siswa.184', '$2y$10$YKnlPDqeFAv1bxWGZCJJteI/lbCcwQRwnj9M0Dj..jGID3fu4RuFu', 'student', 'Aditya Ramadhan', 'siswa184@akademix.test', 1, '2026-05-16 10:25:56'),
	(1896, 'siswa.185', '$2y$10$YKnlPDqeFAv1bxWGZCJJteI/lbCcwQRwnj9M0Dj..jGID3fu4RuFu', 'student', 'Siti Kurniawan', 'siswa185@akademix.test', 1, '2026-05-16 10:25:56'),
	(1897, 'siswa.186', '$2y$10$YKnlPDqeFAv1bxWGZCJJteI/lbCcwQRwnj9M0Dj..jGID3fu4RuFu', 'student', 'Tri Kusuma', 'siswa186@akademix.test', 1, '2026-05-16 10:25:56'),
	(1898, 'siswa.187', '$2y$10$YKnlPDqeFAv1bxWGZCJJteI/lbCcwQRwnj9M0Dj..jGID3fu4RuFu', 'student', 'Sri Susanti', 'siswa187@akademix.test', 1, '2026-05-16 10:25:56'),
	(1899, 'siswa.188', '$2y$10$YKnlPDqeFAv1bxWGZCJJteI/lbCcwQRwnj9M0Dj..jGID3fu4RuFu', 'student', 'Nia Fauzi', 'siswa188@akademix.test', 1, '2026-05-16 10:25:56'),
	(1900, 'siswa.189', '$2y$10$YKnlPDqeFAv1bxWGZCJJteI/lbCcwQRwnj9M0Dj..jGID3fu4RuFu', 'student', 'Aulia Kurniawan', 'siswa189@akademix.test', 1, '2026-05-16 10:25:56'),
	(1901, 'siswa.190', '$2y$10$YKnlPDqeFAv1bxWGZCJJteI/lbCcwQRwnj9M0Dj..jGID3fu4RuFu', 'student', 'Zahra Mahendra', 'siswa190@akademix.test', 1, '2026-05-16 10:25:56'),
	(1902, 'siswa.191', '$2y$10$YKnlPDqeFAv1bxWGZCJJteI/lbCcwQRwnj9M0Dj..jGID3fu4RuFu', 'student', 'Siti Siregar', 'siswa191@akademix.test', 1, '2026-05-16 10:25:56'),
	(1903, 'siswa.192', '$2y$10$YKnlPDqeFAv1bxWGZCJJteI/lbCcwQRwnj9M0Dj..jGID3fu4RuFu', 'student', 'Salsabila Yulianto', 'siswa192@akademix.test', 1, '2026-05-16 10:25:56'),
	(1904, 'siswa.193', '$2y$10$YKnlPDqeFAv1bxWGZCJJteI/lbCcwQRwnj9M0Dj..jGID3fu4RuFu', 'student', 'Nanda Nugroho', 'siswa193@akademix.test', 1, '2026-05-16 10:25:56'),
	(1905, 'siswa.194', '$2y$10$YKnlPDqeFAv1bxWGZCJJteI/lbCcwQRwnj9M0Dj..jGID3fu4RuFu', 'student', 'Yani Kusuma', 'siswa194@akademix.test', 1, '2026-05-16 10:25:56'),
	(1906, 'siswa.195', '$2y$10$YKnlPDqeFAv1bxWGZCJJteI/lbCcwQRwnj9M0Dj..jGID3fu4RuFu', 'student', 'Rian Widodo', 'siswa195@akademix.test', 1, '2026-05-16 10:25:56'),
	(1907, 'siswa.196', '$2y$10$YKnlPDqeFAv1bxWGZCJJteI/lbCcwQRwnj9M0Dj..jGID3fu4RuFu', 'student', 'Fikri Saputra', 'siswa196@akademix.test', 1, '2026-05-16 10:25:56'),
	(1908, 'siswa.197', '$2y$10$YKnlPDqeFAv1bxWGZCJJteI/lbCcwQRwnj9M0Dj..jGID3fu4RuFu', 'student', 'Aditya Kurniawan', 'siswa197@akademix.test', 1, '2026-05-16 10:25:56'),
	(1909, 'siswa.198', '$2y$10$YKnlPDqeFAv1bxWGZCJJteI/lbCcwQRwnj9M0Dj..jGID3fu4RuFu', 'student', 'Fauzan Yulianto', 'siswa198@akademix.test', 1, '2026-05-16 10:25:56'),
	(1910, 'siswa.199', '$2y$10$YKnlPDqeFAv1bxWGZCJJteI/lbCcwQRwnj9M0Dj..jGID3fu4RuFu', 'student', 'Syifa Gunawan', 'siswa199@akademix.test', 1, '2026-05-16 10:25:56'),
	(1911, 'siswa.200', '$2y$10$YKnlPDqeFAv1bxWGZCJJteI/lbCcwQRwnj9M0Dj..jGID3fu4RuFu', 'student', 'Vina Maulana', 'siswa200@akademix.test', 1, '2026-05-16 10:25:56'),
	(1912, 'siswa.201', '$2y$10$YKnlPDqeFAv1bxWGZCJJteI/lbCcwQRwnj9M0Dj..jGID3fu4RuFu', 'student', 'Rafi Wijaya', 'siswa201@akademix.test', 1, '2026-05-16 10:25:56'),
	(1913, 'siswa.202', '$2y$10$YKnlPDqeFAv1bxWGZCJJteI/lbCcwQRwnj9M0Dj..jGID3fu4RuFu', 'student', 'Wahyu Pratama', 'siswa202@akademix.test', 1, '2026-05-16 10:25:56'),
	(1914, 'siswa.203', '$2y$10$YKnlPDqeFAv1bxWGZCJJteI/lbCcwQRwnj9M0Dj..jGID3fu4RuFu', 'student', 'Putri Kurniawan', 'siswa203@akademix.test', 1, '2026-05-16 10:25:56'),
	(1915, 'siswa.204', '$2y$10$YKnlPDqeFAv1bxWGZCJJteI/lbCcwQRwnj9M0Dj..jGID3fu4RuFu', 'student', 'Vina Wibowo', 'siswa204@akademix.test', 1, '2026-05-16 10:25:56'),
	(1916, 'siswa.205', '$2y$10$YKnlPDqeFAv1bxWGZCJJteI/lbCcwQRwnj9M0Dj..jGID3fu4RuFu', 'student', 'Putri Ramadhan', 'siswa205@akademix.test', 1, '2026-05-16 10:25:56'),
	(1917, 'siswa.206', '$2y$10$YKnlPDqeFAv1bxWGZCJJteI/lbCcwQRwnj9M0Dj..jGID3fu4RuFu', 'student', 'Candra Hakim', 'siswa206@akademix.test', 1, '2026-05-16 10:25:56'),
	(1918, 'siswa.207', '$2y$10$YKnlPDqeFAv1bxWGZCJJteI/lbCcwQRwnj9M0Dj..jGID3fu4RuFu', 'student', 'Siti Maulana', 'siswa207@akademix.test', 1, '2026-05-16 10:25:56'),
	(1919, 'siswa.208', '$2y$10$YKnlPDqeFAv1bxWGZCJJteI/lbCcwQRwnj9M0Dj..jGID3fu4RuFu', 'student', 'Zahra Wijaya', 'siswa208@akademix.test', 1, '2026-05-16 10:25:56'),
	(1920, 'siswa.209', '$2y$10$YKnlPDqeFAv1bxWGZCJJteI/lbCcwQRwnj9M0Dj..jGID3fu4RuFu', 'student', 'Udin Kurniawan', 'siswa209@akademix.test', 1, '2026-05-16 10:25:56'),
	(1921, 'siswa.210', '$2y$10$YKnlPDqeFAv1bxWGZCJJteI/lbCcwQRwnj9M0Dj..jGID3fu4RuFu', 'student', 'Fajar Widodo', 'siswa210@akademix.test', 1, '2026-05-16 10:25:56'),
	(1922, 'siswa.211', '$2y$10$YKnlPDqeFAv1bxWGZCJJteI/lbCcwQRwnj9M0Dj..jGID3fu4RuFu', 'student', 'Ahmad Pratama', 'siswa211@akademix.test', 1, '2026-05-16 10:25:56'),
	(1923, 'siswa.212', '$2y$10$YKnlPDqeFAv1bxWGZCJJteI/lbCcwQRwnj9M0Dj..jGID3fu4RuFu', 'student', 'Eka Haryanto', 'siswa212@akademix.test', 1, '2026-05-16 10:25:56'),
	(1924, 'siswa.213', '$2y$10$YKnlPDqeFAv1bxWGZCJJteI/lbCcwQRwnj9M0Dj..jGID3fu4RuFu', 'student', 'Farhan Siregar', 'siswa213@akademix.test', 1, '2026-05-16 10:25:56'),
	(1925, 'siswa.214', '$2y$10$YKnlPDqeFAv1bxWGZCJJteI/lbCcwQRwnj9M0Dj..jGID3fu4RuFu', 'student', 'Reza Santoso', 'siswa214@akademix.test', 1, '2026-05-16 10:25:56'),
	(1926, 'siswa.215', '$2y$10$YKnlPDqeFAv1bxWGZCJJteI/lbCcwQRwnj9M0Dj..jGID3fu4RuFu', 'student', 'Wawan Kurniawan', 'siswa215@akademix.test', 1, '2026-05-16 10:25:56'),
	(1927, 'siswa.216', '$2y$10$YKnlPDqeFAv1bxWGZCJJteI/lbCcwQRwnj9M0Dj..jGID3fu4RuFu', 'student', 'Sari Lestari', 'siswa216@akademix.test', 1, '2026-05-16 10:25:56'),
	(1928, 'siswa.217', '$2y$10$YKnlPDqeFAv1bxWGZCJJteI/lbCcwQRwnj9M0Dj..jGID3fu4RuFu', 'student', 'Kiki Pratama', 'siswa217@akademix.test', 1, '2026-05-16 10:25:56'),
	(1929, 'siswa.218', '$2y$10$YKnlPDqeFAv1bxWGZCJJteI/lbCcwQRwnj9M0Dj..jGID3fu4RuFu', 'student', 'Dimas Syahputra', 'siswa218@akademix.test', 1, '2026-05-16 10:25:56'),
	(1930, 'siswa.219', '$2y$10$YKnlPDqeFAv1bxWGZCJJteI/lbCcwQRwnj9M0Dj..jGID3fu4RuFu', 'student', 'Bagas Kurniawan', 'siswa219@akademix.test', 1, '2026-05-16 10:25:56'),
	(1931, 'siswa.220', '$2y$10$YKnlPDqeFAv1bxWGZCJJteI/lbCcwQRwnj9M0Dj..jGID3fu4RuFu', 'student', 'Dimas Yulianto', 'siswa220@akademix.test', 1, '2026-05-16 10:25:56'),
	(1932, 'siswa.221', '$2y$10$YKnlPDqeFAv1bxWGZCJJteI/lbCcwQRwnj9M0Dj..jGID3fu4RuFu', 'student', 'Fajar Setiawan', 'siswa221@akademix.test', 1, '2026-05-16 10:25:56'),
	(1933, 'siswa.222', '$2y$10$YKnlPDqeFAv1bxWGZCJJteI/lbCcwQRwnj9M0Dj..jGID3fu4RuFu', 'student', 'Syifa Gunawan', 'siswa222@akademix.test', 1, '2026-05-16 10:25:56'),
	(1934, 'siswa.223', '$2y$10$YKnlPDqeFAv1bxWGZCJJteI/lbCcwQRwnj9M0Dj..jGID3fu4RuFu', 'student', 'Joko Saputra', 'siswa223@akademix.test', 1, '2026-05-16 10:25:56'),
	(1935, 'siswa.224', '$2y$10$YKnlPDqeFAv1bxWGZCJJteI/lbCcwQRwnj9M0Dj..jGID3fu4RuFu', 'student', 'Zainal Purnama', 'siswa224@akademix.test', 1, '2026-05-16 10:25:56'),
	(1936, 'siswa.225', '$2y$10$YKnlPDqeFAv1bxWGZCJJteI/lbCcwQRwnj9M0Dj..jGID3fu4RuFu', 'student', 'Ahmad Wulandari', 'siswa225@akademix.test', 1, '2026-05-16 10:25:56'),
	(1937, 'siswa.226', '$2y$10$YKnlPDqeFAv1bxWGZCJJteI/lbCcwQRwnj9M0Dj..jGID3fu4RuFu', 'student', 'Bagas Widodo', 'siswa226@akademix.test', 1, '2026-05-16 10:25:56'),
	(1938, 'siswa.227', '$2y$10$YKnlPDqeFAv1bxWGZCJJteI/lbCcwQRwnj9M0Dj..jGID3fu4RuFu', 'student', 'Syifa Fauzi', 'siswa227@akademix.test', 1, '2026-05-16 10:25:56'),
	(1939, 'siswa.228', '$2y$10$YKnlPDqeFAv1bxWGZCJJteI/lbCcwQRwnj9M0Dj..jGID3fu4RuFu', 'student', 'Fauzan Santoso', 'siswa228@akademix.test', 1, '2026-05-16 10:25:56'),
	(1940, 'siswa.229', '$2y$10$YKnlPDqeFAv1bxWGZCJJteI/lbCcwQRwnj9M0Dj..jGID3fu4RuFu', 'student', 'Rini Siregar', 'siswa229@akademix.test', 1, '2026-05-16 10:25:56'),
	(1941, 'siswa.230', '$2y$10$YKnlPDqeFAv1bxWGZCJJteI/lbCcwQRwnj9M0Dj..jGID3fu4RuFu', 'student', 'Ilham Pratama', 'siswa230@akademix.test', 1, '2026-05-16 10:25:56'),
	(1942, 'siswa.231', '$2y$10$YKnlPDqeFAv1bxWGZCJJteI/lbCcwQRwnj9M0Dj..jGID3fu4RuFu', 'student', 'Fikri Siregar', 'siswa231@akademix.test', 1, '2026-05-16 10:25:56'),
	(1943, 'siswa.232', '$2y$10$YKnlPDqeFAv1bxWGZCJJteI/lbCcwQRwnj9M0Dj..jGID3fu4RuFu', 'student', 'Rizky Gunawan', 'siswa232@akademix.test', 1, '2026-05-16 10:25:56'),
	(1944, 'siswa.233', '$2y$10$YKnlPDqeFAv1bxWGZCJJteI/lbCcwQRwnj9M0Dj..jGID3fu4RuFu', 'student', 'Hana Susanti', 'siswa233@akademix.test', 1, '2026-05-16 10:25:56'),
	(1945, 'siswa.234', '$2y$10$YKnlPDqeFAv1bxWGZCJJteI/lbCcwQRwnj9M0Dj..jGID3fu4RuFu', 'student', 'Nanda Rahmawati', 'siswa234@akademix.test', 1, '2026-05-16 10:25:56'),
	(1946, 'siswa.235', '$2y$10$YKnlPDqeFAv1bxWGZCJJteI/lbCcwQRwnj9M0Dj..jGID3fu4RuFu', 'student', 'Zainal Saputra', 'siswa235@akademix.test', 1, '2026-05-16 10:25:56'),
	(1947, 'siswa.236', '$2y$10$YKnlPDqeFAv1bxWGZCJJteI/lbCcwQRwnj9M0Dj..jGID3fu4RuFu', 'student', 'Reza Siregar', 'siswa236@akademix.test', 1, '2026-05-16 10:25:56'),
	(1948, 'siswa.237', '$2y$10$YKnlPDqeFAv1bxWGZCJJteI/lbCcwQRwnj9M0Dj..jGID3fu4RuFu', 'student', 'Kiki Wulandari', 'siswa237@akademix.test', 1, '2026-05-16 10:25:56'),
	(1949, 'siswa.238', '$2y$10$YKnlPDqeFAv1bxWGZCJJteI/lbCcwQRwnj9M0Dj..jGID3fu4RuFu', 'student', 'Rian Kurniawan', 'siswa238@akademix.test', 1, '2026-05-16 10:25:56'),
	(1950, 'siswa.239', '$2y$10$YKnlPDqeFAv1bxWGZCJJteI/lbCcwQRwnj9M0Dj..jGID3fu4RuFu', 'student', 'Aulia Kurniawan', 'siswa239@akademix.test', 1, '2026-05-16 10:25:56'),
	(1951, 'siswa.240', '$2y$10$YKnlPDqeFAv1bxWGZCJJteI/lbCcwQRwnj9M0Dj..jGID3fu4RuFu', 'student', 'Wahyu Ramadhan', 'siswa240@akademix.test', 1, '2026-05-16 10:25:56'),
	(1952, 'siswa.241', '$2y$10$YKnlPDqeFAv1bxWGZCJJteI/lbCcwQRwnj9M0Dj..jGID3fu4RuFu', 'student', 'Zahra Pratama', 'siswa241@akademix.test', 1, '2026-05-16 10:25:56'),
	(1953, 'siswa.242', '$2y$10$YKnlPDqeFAv1bxWGZCJJteI/lbCcwQRwnj9M0Dj..jGID3fu4RuFu', 'student', 'Wawan Lestari', 'siswa242@akademix.test', 1, '2026-05-16 10:25:56'),
	(1954, 'siswa.243', '$2y$10$YKnlPDqeFAv1bxWGZCJJteI/lbCcwQRwnj9M0Dj..jGID3fu4RuFu', 'student', 'Wahyu Fauzi', 'siswa243@akademix.test', 1, '2026-05-16 10:25:56'),
	(1955, 'siswa.244', '$2y$10$YKnlPDqeFAv1bxWGZCJJteI/lbCcwQRwnj9M0Dj..jGID3fu4RuFu', 'student', 'Tri Setiawan', 'siswa244@akademix.test', 1, '2026-05-16 10:25:56'),
	(1956, 'siswa.245', '$2y$10$YKnlPDqeFAv1bxWGZCJJteI/lbCcwQRwnj9M0Dj..jGID3fu4RuFu', 'student', 'Gilang Purnama', 'siswa245@akademix.test', 1, '2026-05-16 10:25:56'),
	(1957, 'siswa.246', '$2y$10$YKnlPDqeFAv1bxWGZCJJteI/lbCcwQRwnj9M0Dj..jGID3fu4RuFu', 'student', 'Alif Syahputra', 'siswa246@akademix.test', 1, '2026-05-16 10:25:56'),
	(1958, 'siswa.247', '$2y$10$YKnlPDqeFAv1bxWGZCJJteI/lbCcwQRwnj9M0Dj..jGID3fu4RuFu', 'student', 'Salsabila Putri', 'siswa247@akademix.test', 1, '2026-05-16 10:25:56'),
	(1959, 'siswa.248', '$2y$10$YKnlPDqeFAv1bxWGZCJJteI/lbCcwQRwnj9M0Dj..jGID3fu4RuFu', 'student', 'Budi Rahmawati', 'siswa248@akademix.test', 1, '2026-05-16 10:25:56'),
	(1960, 'siswa.249', '$2y$10$YKnlPDqeFAv1bxWGZCJJteI/lbCcwQRwnj9M0Dj..jGID3fu4RuFu', 'student', 'Rian Haryanto', 'siswa249@akademix.test', 1, '2026-05-16 10:25:56'),
	(1961, 'siswa.250', '$2y$10$YKnlPDqeFAv1bxWGZCJJteI/lbCcwQRwnj9M0Dj..jGID3fu4RuFu', 'student', 'Putri Wibowo', 'siswa250@akademix.test', 1, '2026-05-16 10:25:56'),
	(1962, 'siswa.251', '$2y$10$YKnlPDqeFAv1bxWGZCJJteI/lbCcwQRwnj9M0Dj..jGID3fu4RuFu', 'student', 'Fikri Sari', 'siswa251@akademix.test', 1, '2026-05-16 10:25:56'),
	(1963, 'siswa.252', '$2y$10$YKnlPDqeFAv1bxWGZCJJteI/lbCcwQRwnj9M0Dj..jGID3fu4RuFu', 'student', 'Reza Fauzi', 'siswa252@akademix.test', 1, '2026-05-16 10:25:56'),
	(1964, 'siswa.253', '$2y$10$YKnlPDqeFAv1bxWGZCJJteI/lbCcwQRwnj9M0Dj..jGID3fu4RuFu', 'student', 'Ahmad Wibowo', 'siswa253@akademix.test', 1, '2026-05-16 10:25:56'),
	(1965, 'siswa.254', '$2y$10$YKnlPDqeFAv1bxWGZCJJteI/lbCcwQRwnj9M0Dj..jGID3fu4RuFu', 'student', 'Rangga Wijaya', 'siswa254@akademix.test', 1, '2026-05-16 10:25:56'),
	(1966, 'siswa.255', '$2y$10$YKnlPDqeFAv1bxWGZCJJteI/lbCcwQRwnj9M0Dj..jGID3fu4RuFu', 'student', 'Candra Kusuma', 'siswa255@akademix.test', 1, '2026-05-16 10:25:56'),
	(1967, 'siswa.256', '$2y$10$YKnlPDqeFAv1bxWGZCJJteI/lbCcwQRwnj9M0Dj..jGID3fu4RuFu', 'student', 'Irfan Hakim', 'siswa256@akademix.test', 1, '2026-05-16 10:25:56'),
	(1968, 'siswa.257', '$2y$10$YKnlPDqeFAv1bxWGZCJJteI/lbCcwQRwnj9M0Dj..jGID3fu4RuFu', 'student', 'Tari Hakim', 'siswa257@akademix.test', 1, '2026-05-16 10:25:56'),
	(1969, 'siswa.258', '$2y$10$YKnlPDqeFAv1bxWGZCJJteI/lbCcwQRwnj9M0Dj..jGID3fu4RuFu', 'student', 'Dika Fauzi', 'siswa258@akademix.test', 1, '2026-05-16 10:25:56'),
	(1970, 'siswa.259', '$2y$10$YKnlPDqeFAv1bxWGZCJJteI/lbCcwQRwnj9M0Dj..jGID3fu4RuFu', 'student', 'Nanda Rahmawati', 'siswa259@akademix.test', 1, '2026-05-16 10:25:56'),
	(1971, 'siswa.260', '$2y$10$YKnlPDqeFAv1bxWGZCJJteI/lbCcwQRwnj9M0Dj..jGID3fu4RuFu', 'student', 'Naufal Sari', 'siswa260@akademix.test', 1, '2026-05-16 10:25:56'),
	(1972, 'siswa.261', '$2y$10$YKnlPDqeFAv1bxWGZCJJteI/lbCcwQRwnj9M0Dj..jGID3fu4RuFu', 'student', 'Wawan Mahendra', 'siswa261@akademix.test', 1, '2026-05-16 10:25:56'),
	(1973, 'siswa.262', '$2y$10$YKnlPDqeFAv1bxWGZCJJteI/lbCcwQRwnj9M0Dj..jGID3fu4RuFu', 'student', 'Fikri Wibowo', 'siswa262@akademix.test', 1, '2026-05-16 10:25:56'),
	(1974, 'siswa.263', '$2y$10$YKnlPDqeFAv1bxWGZCJJteI/lbCcwQRwnj9M0Dj..jGID3fu4RuFu', 'student', 'Siti Wulandari', 'siswa263@akademix.test', 1, '2026-05-16 10:25:56'),
	(1975, 'siswa.264', '$2y$10$YKnlPDqeFAv1bxWGZCJJteI/lbCcwQRwnj9M0Dj..jGID3fu4RuFu', 'student', 'Nanda Setiawan', 'siswa264@akademix.test', 1, '2026-05-16 10:25:56'),
	(1976, 'siswa.265', '$2y$10$YKnlPDqeFAv1bxWGZCJJteI/lbCcwQRwnj9M0Dj..jGID3fu4RuFu', 'student', 'Wawan Yulianto', 'siswa265@akademix.test', 1, '2026-05-16 10:25:56'),
	(1977, 'siswa.266', '$2y$10$YKnlPDqeFAv1bxWGZCJJteI/lbCcwQRwnj9M0Dj..jGID3fu4RuFu', 'student', 'Lestari Widodo', 'siswa266@akademix.test', 1, '2026-05-16 10:25:56'),
	(1978, 'siswa.267', '$2y$10$YKnlPDqeFAv1bxWGZCJJteI/lbCcwQRwnj9M0Dj..jGID3fu4RuFu', 'student', 'Fajar Wijaya', 'siswa267@akademix.test', 1, '2026-05-16 10:25:56'),
	(1979, 'siswa.268', '$2y$10$YKnlPDqeFAv1bxWGZCJJteI/lbCcwQRwnj9M0Dj..jGID3fu4RuFu', 'student', 'Putri Haryanto', 'siswa268@akademix.test', 1, '2026-05-16 10:25:56'),
	(1980, 'siswa.269', '$2y$10$YKnlPDqeFAv1bxWGZCJJteI/lbCcwQRwnj9M0Dj..jGID3fu4RuFu', 'student', 'Vina Widodo', 'siswa269@akademix.test', 1, '2026-05-16 10:25:56'),
	(1981, 'siswa.270', '$2y$10$YKnlPDqeFAv1bxWGZCJJteI/lbCcwQRwnj9M0Dj..jGID3fu4RuFu', 'student', 'Rini Wibowo', 'siswa270@akademix.test', 1, '2026-05-16 10:25:56'),
	(1982, 'siswa.271', '$2y$10$YKnlPDqeFAv1bxWGZCJJteI/lbCcwQRwnj9M0Dj..jGID3fu4RuFu', 'student', 'Rini Arifin', 'siswa271@akademix.test', 1, '2026-05-16 10:25:56'),
	(1983, 'siswa.272', '$2y$10$YKnlPDqeFAv1bxWGZCJJteI/lbCcwQRwnj9M0Dj..jGID3fu4RuFu', 'student', 'Aulia Fauzi', 'siswa272@akademix.test', 1, '2026-05-16 10:25:56'),
	(1984, 'siswa.273', '$2y$10$YKnlPDqeFAv1bxWGZCJJteI/lbCcwQRwnj9M0Dj..jGID3fu4RuFu', 'student', 'Siti Fauzi', 'siswa273@akademix.test', 1, '2026-05-16 10:25:56'),
	(1985, 'siswa.274', '$2y$10$YKnlPDqeFAv1bxWGZCJJteI/lbCcwQRwnj9M0Dj..jGID3fu4RuFu', 'student', 'Dina Haryanto', 'siswa274@akademix.test', 1, '2026-05-16 10:25:56'),
	(1986, 'siswa.275', '$2y$10$YKnlPDqeFAv1bxWGZCJJteI/lbCcwQRwnj9M0Dj..jGID3fu4RuFu', 'student', 'Dian Firmansyah', 'siswa275@akademix.test', 1, '2026-05-16 10:25:56'),
	(1987, 'siswa.276', '$2y$10$YKnlPDqeFAv1bxWGZCJJteI/lbCcwQRwnj9M0Dj..jGID3fu4RuFu', 'student', 'Nia Wulandari', 'siswa276@akademix.test', 1, '2026-05-16 10:25:56'),
	(1988, 'siswa.277', '$2y$10$YKnlPDqeFAv1bxWGZCJJteI/lbCcwQRwnj9M0Dj..jGID3fu4RuFu', 'student', 'Bagas Susanti', 'siswa277@akademix.test', 1, '2026-05-16 10:25:56'),
	(1989, 'siswa.278', '$2y$10$YKnlPDqeFAv1bxWGZCJJteI/lbCcwQRwnj9M0Dj..jGID3fu4RuFu', 'student', 'Tri Wijaya', 'siswa278@akademix.test', 1, '2026-05-16 10:25:56'),
	(1990, 'siswa.279', '$2y$10$YKnlPDqeFAv1bxWGZCJJteI/lbCcwQRwnj9M0Dj..jGID3fu4RuFu', 'student', 'Zahra Wijaya', 'siswa279@akademix.test', 1, '2026-05-16 10:25:56'),
	(1991, 'siswa.280', '$2y$10$YKnlPDqeFAv1bxWGZCJJteI/lbCcwQRwnj9M0Dj..jGID3fu4RuFu', 'student', 'Eka Saputra', 'siswa280@akademix.test', 1, '2026-05-16 10:25:56'),
	(1992, 'siswa.281', '$2y$10$YKnlPDqeFAv1bxWGZCJJteI/lbCcwQRwnj9M0Dj..jGID3fu4RuFu', 'student', 'Siti Purnama', 'siswa281@akademix.test', 1, '2026-05-16 10:25:56'),
	(1993, 'siswa.282', '$2y$10$YKnlPDqeFAv1bxWGZCJJteI/lbCcwQRwnj9M0Dj..jGID3fu4RuFu', 'student', 'Wawan Haryanto', 'siswa282@akademix.test', 1, '2026-05-16 10:25:56'),
	(1994, 'siswa.283', '$2y$10$YKnlPDqeFAv1bxWGZCJJteI/lbCcwQRwnj9M0Dj..jGID3fu4RuFu', 'student', 'Dian Santoso', 'siswa283@akademix.test', 1, '2026-05-16 10:25:56'),
	(1995, 'siswa.284', '$2y$10$YKnlPDqeFAv1bxWGZCJJteI/lbCcwQRwnj9M0Dj..jGID3fu4RuFu', 'student', 'Irfan Syahputra', 'siswa284@akademix.test', 1, '2026-05-16 10:25:56'),
	(1996, 'siswa.285', '$2y$10$YKnlPDqeFAv1bxWGZCJJteI/lbCcwQRwnj9M0Dj..jGID3fu4RuFu', 'student', 'Hana Lestari', 'siswa285@akademix.test', 1, '2026-05-16 10:25:56'),
	(1997, 'siswa.286', '$2y$10$YKnlPDqeFAv1bxWGZCJJteI/lbCcwQRwnj9M0Dj..jGID3fu4RuFu', 'student', 'Ilham Arifin', 'siswa286@akademix.test', 1, '2026-05-16 10:25:56'),
	(1998, 'siswa.287', '$2y$10$YKnlPDqeFAv1bxWGZCJJteI/lbCcwQRwnj9M0Dj..jGID3fu4RuFu', 'student', 'Fauzan Rahmawati', 'siswa287@akademix.test', 1, '2026-05-16 10:25:56'),
	(1999, 'siswa.288', '$2y$10$YKnlPDqeFAv1bxWGZCJJteI/lbCcwQRwnj9M0Dj..jGID3fu4RuFu', 'student', 'Salma Santoso', 'siswa288@akademix.test', 1, '2026-05-16 10:25:56'),
	(2000, 'siswa.289', '$2y$10$YKnlPDqeFAv1bxWGZCJJteI/lbCcwQRwnj9M0Dj..jGID3fu4RuFu', 'student', 'Hendra Fauzi', 'siswa289@akademix.test', 1, '2026-05-16 10:25:56'),
	(2001, 'siswa.290', '$2y$10$YKnlPDqeFAv1bxWGZCJJteI/lbCcwQRwnj9M0Dj..jGID3fu4RuFu', 'student', 'Gilang Sari', 'siswa290@akademix.test', 1, '2026-05-16 10:25:56'),
	(2002, 'siswa.291', '$2y$10$YKnlPDqeFAv1bxWGZCJJteI/lbCcwQRwnj9M0Dj..jGID3fu4RuFu', 'student', 'Dian Wibowo', 'siswa291@akademix.test', 1, '2026-05-16 10:25:56'),
	(2003, 'siswa.292', '$2y$10$YKnlPDqeFAv1bxWGZCJJteI/lbCcwQRwnj9M0Dj..jGID3fu4RuFu', 'student', 'Rafi Nugroho', 'siswa292@akademix.test', 1, '2026-05-16 10:25:56'),
	(2004, 'siswa.293', '$2y$10$YKnlPDqeFAv1bxWGZCJJteI/lbCcwQRwnj9M0Dj..jGID3fu4RuFu', 'student', 'Tari Susanti', 'siswa293@akademix.test', 1, '2026-05-16 10:25:56'),
	(2005, 'siswa.294', '$2y$10$YKnlPDqeFAv1bxWGZCJJteI/lbCcwQRwnj9M0Dj..jGID3fu4RuFu', 'student', 'Sri Pratama', 'siswa294@akademix.test', 1, '2026-05-16 10:25:56'),
	(2006, 'siswa.295', '$2y$10$YKnlPDqeFAv1bxWGZCJJteI/lbCcwQRwnj9M0Dj..jGID3fu4RuFu', 'student', 'Nisa Gunawan', 'siswa295@akademix.test', 1, '2026-05-16 10:25:56'),
	(2007, 'siswa.296', '$2y$10$YKnlPDqeFAv1bxWGZCJJteI/lbCcwQRwnj9M0Dj..jGID3fu4RuFu', 'student', 'Rian Lestari', 'siswa296@akademix.test', 1, '2026-05-16 10:25:56'),
	(2008, 'siswa.297', '$2y$10$YKnlPDqeFAv1bxWGZCJJteI/lbCcwQRwnj9M0Dj..jGID3fu4RuFu', 'student', 'Farhan Widodo', 'siswa297@akademix.test', 1, '2026-05-16 10:25:56'),
	(2009, 'siswa.298', '$2y$10$YKnlPDqeFAv1bxWGZCJJteI/lbCcwQRwnj9M0Dj..jGID3fu4RuFu', 'student', 'Alif Susanti', 'siswa298@akademix.test', 1, '2026-05-16 10:25:56'),
	(2010, 'siswa.299', '$2y$10$YKnlPDqeFAv1bxWGZCJJteI/lbCcwQRwnj9M0Dj..jGID3fu4RuFu', 'student', 'Zainal Nugroho', 'siswa299@akademix.test', 1, '2026-05-16 10:25:56'),
	(2011, 'siswa.300', '$2y$10$YKnlPDqeFAv1bxWGZCJJteI/lbCcwQRwnj9M0Dj..jGID3fu4RuFu', 'student', 'Salma Wibowo', 'siswa300@akademix.test', 1, '2026-05-16 10:25:56'),
	(2012, 'siswa.301', '$2y$10$YKnlPDqeFAv1bxWGZCJJteI/lbCcwQRwnj9M0Dj..jGID3fu4RuFu', 'student', 'Udin Wulandari', 'siswa301@akademix.test', 1, '2026-05-16 10:25:56'),
	(2013, 'siswa.302', '$2y$10$YKnlPDqeFAv1bxWGZCJJteI/lbCcwQRwnj9M0Dj..jGID3fu4RuFu', 'student', 'Nisa Nugroho', 'siswa302@akademix.test', 1, '2026-05-16 10:25:56'),
	(2014, 'siswa.303', '$2y$10$YKnlPDqeFAv1bxWGZCJJteI/lbCcwQRwnj9M0Dj..jGID3fu4RuFu', 'student', 'Sari Wijaya', 'siswa303@akademix.test', 1, '2026-05-16 10:25:56'),
	(2015, 'siswa.304', '$2y$10$YKnlPDqeFAv1bxWGZCJJteI/lbCcwQRwnj9M0Dj..jGID3fu4RuFu', 'student', 'Kevin Susanti', 'siswa304@akademix.test', 1, '2026-05-16 10:25:56'),
	(2016, 'siswa.305', '$2y$10$YKnlPDqeFAv1bxWGZCJJteI/lbCcwQRwnj9M0Dj..jGID3fu4RuFu', 'student', 'Hendra Lestari', 'siswa305@akademix.test', 1, '2026-05-16 10:25:56'),
	(2017, 'siswa.306', '$2y$10$YKnlPDqeFAv1bxWGZCJJteI/lbCcwQRwnj9M0Dj..jGID3fu4RuFu', 'student', 'Salma Setiawan', 'siswa306@akademix.test', 1, '2026-05-16 10:25:56'),
	(2018, 'siswa.307', '$2y$10$YKnlPDqeFAv1bxWGZCJJteI/lbCcwQRwnj9M0Dj..jGID3fu4RuFu', 'student', 'Rizky Gunawan', 'siswa307@akademix.test', 1, '2026-05-16 10:25:56'),
	(2019, 'siswa.308', '$2y$10$YKnlPDqeFAv1bxWGZCJJteI/lbCcwQRwnj9M0Dj..jGID3fu4RuFu', 'student', 'Siti Wijaya', 'siswa308@akademix.test', 1, '2026-05-16 10:25:56'),
	(2020, 'siswa.309', '$2y$10$YKnlPDqeFAv1bxWGZCJJteI/lbCcwQRwnj9M0Dj..jGID3fu4RuFu', 'student', 'Zahra Mahendra', 'siswa309@akademix.test', 1, '2026-05-16 10:25:56'),
	(2021, 'siswa.310', '$2y$10$YKnlPDqeFAv1bxWGZCJJteI/lbCcwQRwnj9M0Dj..jGID3fu4RuFu', 'student', 'Kiki Lestari', 'siswa310@akademix.test', 1, '2026-05-16 10:25:56'),
	(2022, 'siswa.311', '$2y$10$YKnlPDqeFAv1bxWGZCJJteI/lbCcwQRwnj9M0Dj..jGID3fu4RuFu', 'student', 'Irfan Putri', 'siswa311@akademix.test', 1, '2026-05-16 10:25:56'),
	(2023, 'siswa.312', '$2y$10$YKnlPDqeFAv1bxWGZCJJteI/lbCcwQRwnj9M0Dj..jGID3fu4RuFu', 'student', 'Tari Siregar', 'siswa312@akademix.test', 1, '2026-05-16 10:25:56'),
	(2024, 'siswa.313', '$2y$10$YKnlPDqeFAv1bxWGZCJJteI/lbCcwQRwnj9M0Dj..jGID3fu4RuFu', 'student', 'Intan Haryanto', 'siswa313@akademix.test', 1, '2026-05-16 10:25:56'),
	(2025, 'siswa.314', '$2y$10$YKnlPDqeFAv1bxWGZCJJteI/lbCcwQRwnj9M0Dj..jGID3fu4RuFu', 'student', 'Ahmad Syahputra', 'siswa314@akademix.test', 1, '2026-05-16 10:25:56'),
	(2026, 'siswa.315', '$2y$10$YKnlPDqeFAv1bxWGZCJJteI/lbCcwQRwnj9M0Dj..jGID3fu4RuFu', 'student', 'Siti Syahputra', 'siswa315@akademix.test', 1, '2026-05-16 10:25:56'),
	(2027, 'siswa.316', '$2y$10$YKnlPDqeFAv1bxWGZCJJteI/lbCcwQRwnj9M0Dj..jGID3fu4RuFu', 'student', 'Rian Haryanto', 'siswa316@akademix.test', 1, '2026-05-16 10:25:56'),
	(2028, 'siswa.317', '$2y$10$YKnlPDqeFAv1bxWGZCJJteI/lbCcwQRwnj9M0Dj..jGID3fu4RuFu', 'student', 'Nia Ramadhan', 'siswa317@akademix.test', 1, '2026-05-16 10:25:56'),
	(2029, 'siswa.318', '$2y$10$YKnlPDqeFAv1bxWGZCJJteI/lbCcwQRwnj9M0Dj..jGID3fu4RuFu', 'student', 'Zainal Firmansyah', 'siswa318@akademix.test', 1, '2026-05-16 10:25:56'),
	(2030, 'siswa.319', '$2y$10$YKnlPDqeFAv1bxWGZCJJteI/lbCcwQRwnj9M0Dj..jGID3fu4RuFu', 'student', 'Ilham Arifin', 'siswa319@akademix.test', 1, '2026-05-16 10:25:56'),
	(2031, 'siswa.320', '$2y$10$YKnlPDqeFAv1bxWGZCJJteI/lbCcwQRwnj9M0Dj..jGID3fu4RuFu', 'student', 'Farhan Siregar', 'siswa320@akademix.test', 1, '2026-05-16 10:25:56'),
	(2032, 'siswa.321', '$2y$10$YKnlPDqeFAv1bxWGZCJJteI/lbCcwQRwnj9M0Dj..jGID3fu4RuFu', 'student', 'Dina Wulandari', 'siswa321@akademix.test', 1, '2026-05-16 10:25:56'),
	(2033, 'siswa.322', '$2y$10$YKnlPDqeFAv1bxWGZCJJteI/lbCcwQRwnj9M0Dj..jGID3fu4RuFu', 'student', 'Reza Ramadhan', 'siswa322@akademix.test', 1, '2026-05-16 10:25:56'),
	(2034, 'siswa.323', '$2y$10$YKnlPDqeFAv1bxWGZCJJteI/lbCcwQRwnj9M0Dj..jGID3fu4RuFu', 'student', 'Intan Widodo', 'siswa323@akademix.test', 1, '2026-05-16 10:25:56'),
	(2035, 'siswa.324', '$2y$10$YKnlPDqeFAv1bxWGZCJJteI/lbCcwQRwnj9M0Dj..jGID3fu4RuFu', 'student', 'Fauzan Wulandari', 'siswa324@akademix.test', 1, '2026-05-16 10:25:56'),
	(2036, 'siswa.325', '$2y$10$YKnlPDqeFAv1bxWGZCJJteI/lbCcwQRwnj9M0Dj..jGID3fu4RuFu', 'student', 'Nisa Wibowo', 'siswa325@akademix.test', 1, '2026-05-16 10:25:56'),
	(2037, 'siswa.326', '$2y$10$YKnlPDqeFAv1bxWGZCJJteI/lbCcwQRwnj9M0Dj..jGID3fu4RuFu', 'student', 'Budi Sari', 'siswa326@akademix.test', 1, '2026-05-16 10:25:56'),
	(2038, 'siswa.327', '$2y$10$YKnlPDqeFAv1bxWGZCJJteI/lbCcwQRwnj9M0Dj..jGID3fu4RuFu', 'student', 'Naufal Syahputra', 'siswa327@akademix.test', 1, '2026-05-16 10:25:56'),
	(2039, 'siswa.328', '$2y$10$YKnlPDqeFAv1bxWGZCJJteI/lbCcwQRwnj9M0Dj..jGID3fu4RuFu', 'student', 'Sri Fauzi', 'siswa328@akademix.test', 1, '2026-05-16 10:25:56'),
	(2040, 'siswa.329', '$2y$10$YKnlPDqeFAv1bxWGZCJJteI/lbCcwQRwnj9M0Dj..jGID3fu4RuFu', 'student', 'Intan Susanti', 'siswa329@akademix.test', 1, '2026-05-16 10:25:56'),
	(2041, 'siswa.330', '$2y$10$YKnlPDqeFAv1bxWGZCJJteI/lbCcwQRwnj9M0Dj..jGID3fu4RuFu', 'student', 'Dimas Susanti', 'siswa330@akademix.test', 1, '2026-05-16 10:25:56'),
	(2042, 'siswa.331', '$2y$10$YKnlPDqeFAv1bxWGZCJJteI/lbCcwQRwnj9M0Dj..jGID3fu4RuFu', 'student', 'Tari Hidayat', 'siswa331@akademix.test', 1, '2026-05-16 10:25:56'),
	(2043, 'siswa.332', '$2y$10$YKnlPDqeFAv1bxWGZCJJteI/lbCcwQRwnj9M0Dj..jGID3fu4RuFu', 'student', 'Dina Fauzi', 'siswa332@akademix.test', 1, '2026-05-16 10:25:56'),
	(2044, 'siswa.333', '$2y$10$YKnlPDqeFAv1bxWGZCJJteI/lbCcwQRwnj9M0Dj..jGID3fu4RuFu', 'student', 'Dina Siregar', 'siswa333@akademix.test', 1, '2026-05-16 10:25:56'),
	(2045, 'siswa.334', '$2y$10$YKnlPDqeFAv1bxWGZCJJteI/lbCcwQRwnj9M0Dj..jGID3fu4RuFu', 'student', 'Lestari Wulandari', 'siswa334@akademix.test', 1, '2026-05-16 10:25:56'),
	(2046, 'siswa.335', '$2y$10$YKnlPDqeFAv1bxWGZCJJteI/lbCcwQRwnj9M0Dj..jGID3fu4RuFu', 'student', 'Sari Haryanto', 'siswa335@akademix.test', 1, '2026-05-16 10:25:56'),
	(2047, 'siswa.336', '$2y$10$YKnlPDqeFAv1bxWGZCJJteI/lbCcwQRwnj9M0Dj..jGID3fu4RuFu', 'student', 'Candra Ramadhan', 'siswa336@akademix.test', 1, '2026-05-16 10:25:56'),
	(2048, 'siswa.337', '$2y$10$YKnlPDqeFAv1bxWGZCJJteI/lbCcwQRwnj9M0Dj..jGID3fu4RuFu', 'student', 'Gilang Gunawan', 'siswa337@akademix.test', 1, '2026-05-16 10:25:56'),
	(2049, 'siswa.338', '$2y$10$YKnlPDqeFAv1bxWGZCJJteI/lbCcwQRwnj9M0Dj..jGID3fu4RuFu', 'student', 'Intan Siregar', 'siswa338@akademix.test', 1, '2026-05-16 10:25:56'),
	(2050, 'siswa.339', '$2y$10$YKnlPDqeFAv1bxWGZCJJteI/lbCcwQRwnj9M0Dj..jGID3fu4RuFu', 'student', 'Hafiz Haryanto', 'siswa339@akademix.test', 1, '2026-05-16 10:25:56'),
	(2051, 'siswa.340', '$2y$10$YKnlPDqeFAv1bxWGZCJJteI/lbCcwQRwnj9M0Dj..jGID3fu4RuFu', 'student', 'Nanda Wijaya', 'siswa340@akademix.test', 1, '2026-05-16 10:25:56'),
	(2052, 'siswa.341', '$2y$10$YKnlPDqeFAv1bxWGZCJJteI/lbCcwQRwnj9M0Dj..jGID3fu4RuFu', 'student', 'Wawan Arifin', 'siswa341@akademix.test', 1, '2026-05-16 10:25:56'),
	(2053, 'siswa.342', '$2y$10$YKnlPDqeFAv1bxWGZCJJteI/lbCcwQRwnj9M0Dj..jGID3fu4RuFu', 'student', 'Siti Putri', 'siswa342@akademix.test', 1, '2026-05-16 10:25:56'),
	(2054, 'siswa.343', '$2y$10$YKnlPDqeFAv1bxWGZCJJteI/lbCcwQRwnj9M0Dj..jGID3fu4RuFu', 'student', 'Kiki Kusuma', 'siswa343@akademix.test', 1, '2026-05-16 10:25:56'),
	(2055, 'siswa.344', '$2y$10$YKnlPDqeFAv1bxWGZCJJteI/lbCcwQRwnj9M0Dj..jGID3fu4RuFu', 'student', 'Dewi Purnama', 'siswa344@akademix.test', 1, '2026-05-16 10:25:56'),
	(2056, 'siswa.345', '$2y$10$YKnlPDqeFAv1bxWGZCJJteI/lbCcwQRwnj9M0Dj..jGID3fu4RuFu', 'student', 'Maya Mahendra', 'siswa345@akademix.test', 1, '2026-05-16 10:25:56'),
	(2057, 'siswa.346', '$2y$10$YKnlPDqeFAv1bxWGZCJJteI/lbCcwQRwnj9M0Dj..jGID3fu4RuFu', 'student', 'Kevin Firmansyah', 'siswa346@akademix.test', 1, '2026-05-16 10:25:56'),
	(2058, 'siswa.347', '$2y$10$YKnlPDqeFAv1bxWGZCJJteI/lbCcwQRwnj9M0Dj..jGID3fu4RuFu', 'student', 'Zainal Susanti', 'siswa347@akademix.test', 1, '2026-05-16 10:25:56'),
	(2059, 'siswa.348', '$2y$10$YKnlPDqeFAv1bxWGZCJJteI/lbCcwQRwnj9M0Dj..jGID3fu4RuFu', 'student', 'Agus Purnama', 'siswa348@akademix.test', 1, '2026-05-16 10:25:56'),
	(2060, 'siswa.349', '$2y$10$YKnlPDqeFAv1bxWGZCJJteI/lbCcwQRwnj9M0Dj..jGID3fu4RuFu', 'student', 'Zainal Yulianto', 'siswa349@akademix.test', 1, '2026-05-16 10:25:56'),
	(2061, 'siswa.350', '$2y$10$YKnlPDqeFAv1bxWGZCJJteI/lbCcwQRwnj9M0Dj..jGID3fu4RuFu', 'student', 'Sri Widodo', 'siswa350@akademix.test', 1, '2026-05-16 10:25:56'),
	(2062, 'siswa.351', '$2y$10$YKnlPDqeFAv1bxWGZCJJteI/lbCcwQRwnj9M0Dj..jGID3fu4RuFu', 'student', 'Irfan Putri', 'siswa351@akademix.test', 1, '2026-05-16 10:25:56'),
	(2063, 'siswa.352', '$2y$10$YKnlPDqeFAv1bxWGZCJJteI/lbCcwQRwnj9M0Dj..jGID3fu4RuFu', 'student', 'Rafi Maulana', 'siswa352@akademix.test', 1, '2026-05-16 10:25:56'),
	(2064, 'siswa.353', '$2y$10$YKnlPDqeFAv1bxWGZCJJteI/lbCcwQRwnj9M0Dj..jGID3fu4RuFu', 'student', 'Hendra Putri', 'siswa353@akademix.test', 1, '2026-05-16 10:25:56'),
	(2065, 'siswa.354', '$2y$10$YKnlPDqeFAv1bxWGZCJJteI/lbCcwQRwnj9M0Dj..jGID3fu4RuFu', 'student', 'Udin Kurniawan', 'siswa354@akademix.test', 1, '2026-05-16 10:25:56'),
	(2066, 'siswa.355', '$2y$10$YKnlPDqeFAv1bxWGZCJJteI/lbCcwQRwnj9M0Dj..jGID3fu4RuFu', 'student', 'Fikri Lestari', 'siswa355@akademix.test', 1, '2026-05-16 10:25:56'),
	(2067, 'siswa.356', '$2y$10$YKnlPDqeFAv1bxWGZCJJteI/lbCcwQRwnj9M0Dj..jGID3fu4RuFu', 'student', 'Reza Putri', 'siswa356@akademix.test', 1, '2026-05-16 10:25:56'),
	(2068, 'siswa.357', '$2y$10$YKnlPDqeFAv1bxWGZCJJteI/lbCcwQRwnj9M0Dj..jGID3fu4RuFu', 'student', 'Fauzan Widodo', 'siswa357@akademix.test', 1, '2026-05-16 10:25:56'),
	(2069, 'siswa.358', '$2y$10$YKnlPDqeFAv1bxWGZCJJteI/lbCcwQRwnj9M0Dj..jGID3fu4RuFu', 'student', 'Rian Siregar', 'siswa358@akademix.test', 1, '2026-05-16 10:25:56'),
	(2070, 'siswa.359', '$2y$10$YKnlPDqeFAv1bxWGZCJJteI/lbCcwQRwnj9M0Dj..jGID3fu4RuFu', 'student', 'Tri Santoso', 'siswa359@akademix.test', 1, '2026-05-16 10:25:56'),
	(2071, 'siswa.360', '$2y$10$YKnlPDqeFAv1bxWGZCJJteI/lbCcwQRwnj9M0Dj..jGID3fu4RuFu', 'student', 'Siti Sari', 'siswa360@akademix.test', 1, '2026-05-16 10:25:56'),
	(2072, 'siswa.361', '$2y$10$YKnlPDqeFAv1bxWGZCJJteI/lbCcwQRwnj9M0Dj..jGID3fu4RuFu', 'student', 'Tari Syahputra', 'siswa361@akademix.test', 1, '2026-05-16 10:25:56'),
	(2073, 'siswa.362', '$2y$10$YKnlPDqeFAv1bxWGZCJJteI/lbCcwQRwnj9M0Dj..jGID3fu4RuFu', 'student', 'Kevin Mahendra', 'siswa362@akademix.test', 1, '2026-05-16 10:25:56'),
	(2074, 'siswa.363', '$2y$10$YKnlPDqeFAv1bxWGZCJJteI/lbCcwQRwnj9M0Dj..jGID3fu4RuFu', 'student', 'Kiki Setiawan', 'siswa363@akademix.test', 1, '2026-05-16 10:25:56'),
	(2075, 'siswa.364', '$2y$10$YKnlPDqeFAv1bxWGZCJJteI/lbCcwQRwnj9M0Dj..jGID3fu4RuFu', 'student', 'Hana Firmansyah', 'siswa364@akademix.test', 1, '2026-05-16 10:25:56'),
	(2076, 'siswa.365', '$2y$10$YKnlPDqeFAv1bxWGZCJJteI/lbCcwQRwnj9M0Dj..jGID3fu4RuFu', 'student', 'Siti Hakim', 'siswa365@akademix.test', 1, '2026-05-16 10:25:57'),
	(2077, 'siswa.366', '$2y$10$YKnlPDqeFAv1bxWGZCJJteI/lbCcwQRwnj9M0Dj..jGID3fu4RuFu', 'student', 'Salsabila Siregar', 'siswa366@akademix.test', 1, '2026-05-16 10:25:57'),
	(2078, 'siswa.367', '$2y$10$YKnlPDqeFAv1bxWGZCJJteI/lbCcwQRwnj9M0Dj..jGID3fu4RuFu', 'student', 'Hafiz Syahputra', 'siswa367@akademix.test', 1, '2026-05-16 10:25:57'),
	(2079, 'siswa.368', '$2y$10$YKnlPDqeFAv1bxWGZCJJteI/lbCcwQRwnj9M0Dj..jGID3fu4RuFu', 'student', 'Bagas Putri', 'siswa368@akademix.test', 1, '2026-05-16 10:25:57'),
	(2080, 'siswa.369', '$2y$10$YKnlPDqeFAv1bxWGZCJJteI/lbCcwQRwnj9M0Dj..jGID3fu4RuFu', 'student', 'Fauzan Setiawan', 'siswa369@akademix.test', 1, '2026-05-16 10:25:57'),
	(2081, 'siswa.370', '$2y$10$YKnlPDqeFAv1bxWGZCJJteI/lbCcwQRwnj9M0Dj..jGID3fu4RuFu', 'student', 'Putri Santoso', 'siswa370@akademix.test', 1, '2026-05-16 10:25:57'),
	(2082, 'siswa.371', '$2y$10$YKnlPDqeFAv1bxWGZCJJteI/lbCcwQRwnj9M0Dj..jGID3fu4RuFu', 'student', 'Bagas Nugroho', 'siswa371@akademix.test', 1, '2026-05-16 10:25:57'),
	(2083, 'siswa.372', '$2y$10$YKnlPDqeFAv1bxWGZCJJteI/lbCcwQRwnj9M0Dj..jGID3fu4RuFu', 'student', 'Rizky Mahendra', 'siswa372@akademix.test', 1, '2026-05-16 10:25:57'),
	(2084, 'siswa.373', '$2y$10$YKnlPDqeFAv1bxWGZCJJteI/lbCcwQRwnj9M0Dj..jGID3fu4RuFu', 'student', 'Dina Setiawan', 'siswa373@akademix.test', 1, '2026-05-16 10:25:57'),
	(2085, 'siswa.374', '$2y$10$YKnlPDqeFAv1bxWGZCJJteI/lbCcwQRwnj9M0Dj..jGID3fu4RuFu', 'student', 'Bagas Pratama', 'siswa374@akademix.test', 1, '2026-05-16 10:25:57'),
	(2086, 'siswa.375', '$2y$10$YKnlPDqeFAv1bxWGZCJJteI/lbCcwQRwnj9M0Dj..jGID3fu4RuFu', 'student', 'Bagas Sari', 'siswa375@akademix.test', 1, '2026-05-16 10:25:57'),
	(2087, 'siswa.376', '$2y$10$YKnlPDqeFAv1bxWGZCJJteI/lbCcwQRwnj9M0Dj..jGID3fu4RuFu', 'student', 'Siti Mahendra', 'siswa376@akademix.test', 1, '2026-05-16 10:25:57'),
	(2088, 'siswa.377', '$2y$10$YKnlPDqeFAv1bxWGZCJJteI/lbCcwQRwnj9M0Dj..jGID3fu4RuFu', 'student', 'Maya Pratama', 'siswa377@akademix.test', 1, '2026-05-16 10:25:57'),
	(2089, 'siswa.378', '$2y$10$YKnlPDqeFAv1bxWGZCJJteI/lbCcwQRwnj9M0Dj..jGID3fu4RuFu', 'student', 'Kiki Haryanto', 'siswa378@akademix.test', 1, '2026-05-16 10:25:57'),
	(2090, 'siswa.379', '$2y$10$YKnlPDqeFAv1bxWGZCJJteI/lbCcwQRwnj9M0Dj..jGID3fu4RuFu', 'student', 'Dimas Hidayat', 'siswa379@akademix.test', 1, '2026-05-16 10:25:57'),
	(2091, 'siswa.380', '$2y$10$YKnlPDqeFAv1bxWGZCJJteI/lbCcwQRwnj9M0Dj..jGID3fu4RuFu', 'student', 'Nur Susanti', 'siswa380@akademix.test', 1, '2026-05-16 10:25:57'),
	(2092, 'siswa.381', '$2y$10$YKnlPDqeFAv1bxWGZCJJteI/lbCcwQRwnj9M0Dj..jGID3fu4RuFu', 'student', 'Udin Hakim', 'siswa381@akademix.test', 1, '2026-05-16 10:25:57'),
	(2093, 'siswa.382', '$2y$10$YKnlPDqeFAv1bxWGZCJJteI/lbCcwQRwnj9M0Dj..jGID3fu4RuFu', 'student', 'Dika Kusuma', 'siswa382@akademix.test', 1, '2026-05-16 10:25:57'),
	(2094, 'siswa.383', '$2y$10$YKnlPDqeFAv1bxWGZCJJteI/lbCcwQRwnj9M0Dj..jGID3fu4RuFu', 'student', 'Gilang Wijaya', 'siswa383@akademix.test', 1, '2026-05-16 10:25:57'),
	(2095, 'siswa.384', '$2y$10$YKnlPDqeFAv1bxWGZCJJteI/lbCcwQRwnj9M0Dj..jGID3fu4RuFu', 'student', 'Salma Siregar', 'siswa384@akademix.test', 1, '2026-05-16 10:25:57'),
	(2096, 'siswa.385', '$2y$10$YKnlPDqeFAv1bxWGZCJJteI/lbCcwQRwnj9M0Dj..jGID3fu4RuFu', 'student', 'Irfan Haryanto', 'siswa385@akademix.test', 1, '2026-05-16 10:25:57'),
	(2097, 'siswa.386', '$2y$10$YKnlPDqeFAv1bxWGZCJJteI/lbCcwQRwnj9M0Dj..jGID3fu4RuFu', 'student', 'Tri Yulianto', 'siswa386@akademix.test', 1, '2026-05-16 10:25:57'),
	(2098, 'siswa.387', '$2y$10$YKnlPDqeFAv1bxWGZCJJteI/lbCcwQRwnj9M0Dj..jGID3fu4RuFu', 'student', 'Nia Wulandari', 'siswa387@akademix.test', 1, '2026-05-16 10:25:57'),
	(2099, 'siswa.388', '$2y$10$YKnlPDqeFAv1bxWGZCJJteI/lbCcwQRwnj9M0Dj..jGID3fu4RuFu', 'student', 'Dika Syahputra', 'siswa388@akademix.test', 1, '2026-05-16 10:25:57'),
	(2100, 'siswa.389', '$2y$10$YKnlPDqeFAv1bxWGZCJJteI/lbCcwQRwnj9M0Dj..jGID3fu4RuFu', 'student', 'Aulia Siregar', 'siswa389@akademix.test', 1, '2026-05-16 10:25:57'),
	(2101, 'siswa.390', '$2y$10$YKnlPDqeFAv1bxWGZCJJteI/lbCcwQRwnj9M0Dj..jGID3fu4RuFu', 'student', 'Yani Haryanto', 'siswa390@akademix.test', 1, '2026-05-16 10:25:57'),
	(2102, 'siswa.391', '$2y$10$YKnlPDqeFAv1bxWGZCJJteI/lbCcwQRwnj9M0Dj..jGID3fu4RuFu', 'student', 'Dimas Kurniawan', 'siswa391@akademix.test', 1, '2026-05-16 10:25:57'),
	(2103, 'siswa.392', '$2y$10$YKnlPDqeFAv1bxWGZCJJteI/lbCcwQRwnj9M0Dj..jGID3fu4RuFu', 'student', 'Dewi Arifin', 'siswa392@akademix.test', 1, '2026-05-16 10:25:57'),
	(2104, 'siswa.393', '$2y$10$YKnlPDqeFAv1bxWGZCJJteI/lbCcwQRwnj9M0Dj..jGID3fu4RuFu', 'student', 'Rangga Firmansyah', 'siswa393@akademix.test', 1, '2026-05-16 10:25:57'),
	(2105, 'siswa.394', '$2y$10$YKnlPDqeFAv1bxWGZCJJteI/lbCcwQRwnj9M0Dj..jGID3fu4RuFu', 'student', 'Salsabila Ramadhan', 'siswa394@akademix.test', 1, '2026-05-16 10:25:57'),
	(2106, 'siswa.395', '$2y$10$YKnlPDqeFAv1bxWGZCJJteI/lbCcwQRwnj9M0Dj..jGID3fu4RuFu', 'student', 'Kiki Fauzi', 'siswa395@akademix.test', 1, '2026-05-16 10:25:57'),
	(2107, 'siswa.396', '$2y$10$YKnlPDqeFAv1bxWGZCJJteI/lbCcwQRwnj9M0Dj..jGID3fu4RuFu', 'student', 'Fauzan Arifin', 'siswa396@akademix.test', 1, '2026-05-16 10:25:57'),
	(2108, 'siswa.397', '$2y$10$YKnlPDqeFAv1bxWGZCJJteI/lbCcwQRwnj9M0Dj..jGID3fu4RuFu', 'student', 'Dian Yulianto', 'siswa397@akademix.test', 1, '2026-05-16 10:25:57'),
	(2109, 'siswa.398', '$2y$10$YKnlPDqeFAv1bxWGZCJJteI/lbCcwQRwnj9M0Dj..jGID3fu4RuFu', 'student', 'Rian Kurniawan', 'siswa398@akademix.test', 1, '2026-05-16 10:25:57'),
	(2110, 'siswa.399', '$2y$10$YKnlPDqeFAv1bxWGZCJJteI/lbCcwQRwnj9M0Dj..jGID3fu4RuFu', 'student', 'Gilang Sari', 'siswa399@akademix.test', 1, '2026-05-16 10:25:57'),
	(2111, 'siswa.400', '$2y$10$YKnlPDqeFAv1bxWGZCJJteI/lbCcwQRwnj9M0Dj..jGID3fu4RuFu', 'student', 'Ahmad Setiawan', 'siswa400@akademix.test', 1, '2026-05-16 10:25:57'),
	(2124, 'guru.budi101', '$2y$10$SmJG84j6urpeJsNSKym58uJpVv.63KpGZRVqjUfIyHbFv2usnWzK6', 'teacher', 'Budi Santoso', 'budi101@akademix.test', 1, '2026-05-16 10:58:42'),
	(2125, 'guru.siti102', '$2y$10$SmJG84j6urpeJsNSKym58uJpVv.63KpGZRVqjUfIyHbFv2usnWzK6', 'teacher', 'Siti Aminah', 'siti102@akademix.test', 1, '2026-05-16 10:58:42'),
	(2126, 'guru.ratna103', '$2y$10$SmJG84j6urpeJsNSKym58uJpVv.63KpGZRVqjUfIyHbFv2usnWzK6', 'teacher', 'Ratna Sari', 'ratna103@akademix.test', 1, '2026-05-16 10:58:42'),
	(2127, 'guru.hendra104', '$2y$10$SmJG84j6urpeJsNSKym58uJpVv.63KpGZRVqjUfIyHbFv2usnWzK6', 'teacher', 'Hendra Wijaya', 'hendra104@akademix.test', 1, '2026-05-16 10:58:42'),
	(2128, 'guru.ahmad105', '$2y$10$SmJG84j6urpeJsNSKym58uJpVv.63KpGZRVqjUfIyHbFv2usnWzK6', 'teacher', 'Ahmad Dahlan', 'ahmad105@akademix.test', 1, '2026-05-16 10:58:42'),
	(2129, 'guru.nurul106', '$2y$10$SmJG84j6urpeJsNSKym58uJpVv.63KpGZRVqjUfIyHbFv2usnWzK6', 'teacher', 'Nurul Hidayati', 'nurul106@akademix.test', 1, '2026-05-16 10:58:42'),
	(2130, 'guru.joko107', '$2y$10$SmJG84j6urpeJsNSKym58uJpVv.63KpGZRVqjUfIyHbFv2usnWzK6', 'teacher', 'Joko Purwanto', 'joko107@akademix.test', 1, '2026-05-16 10:58:42'),
	(2131, 'guru.agus108', '$2y$10$SmJG84j6urpeJsNSKym58uJpVv.63KpGZRVqjUfIyHbFv2usnWzK6', 'teacher', 'Agus Setiawan', 'agus108@akademix.test', 1, '2026-05-16 10:58:42'),
	(2132, 'guru.dewi109', '$2y$10$SmJG84j6urpeJsNSKym58uJpVv.63KpGZRVqjUfIyHbFv2usnWzK6', 'teacher', 'Dewi Lestari', 'dewi109@akademix.test', 1, '2026-05-16 10:58:42'),
	(2133, 'guru.dwi110', '$2y$10$SmJG84j6urpeJsNSKym58uJpVv.63KpGZRVqjUfIyHbFv2usnWzK6', 'teacher', 'Dwi Yulianti', 'dwi110@akademix.test', 1, '2026-05-16 10:58:42'),
	(2134, 'guru.abdul111', '$2y$10$SmJG84j6urpeJsNSKym58uJpVv.63KpGZRVqjUfIyHbFv2usnWzK6', 'teacher', 'Abdul Malik', 'abdul111@akademix.test', 1, '2026-05-16 10:58:42'),
	(2135, 'guru.tri112', '$2y$10$SmJG84j6urpeJsNSKym58uJpVv.63KpGZRVqjUfIyHbFv2usnWzK6', 'teacher', 'Tri Hastuti', 'tri112@akademix.test', 1, '2026-05-16 10:58:42'),
	(2136, 'guru.rahmat113', '$2y$10$SmJG84j6urpeJsNSKym58uJpVv.63KpGZRVqjUfIyHbFv2usnWzK6', 'teacher', 'Rahmat Hidayat', 'rahmat113@akademix.test', 1, '2026-05-16 10:58:42'),
	(2137, 'guru.maya114', '$2y$10$SmJG84j6urpeJsNSKym58uJpVv.63KpGZRVqjUfIyHbFv2usnWzK6', 'teacher', 'Maya Indah', 'maya114@akademix.test', 1, '2026-05-16 10:58:42'),
	(2138, 'guru.andi115', '$2y$10$SmJG84j6urpeJsNSKym58uJpVv.63KpGZRVqjUfIyHbFv2usnWzK6', 'teacher', 'Andi Saputra', 'andi115@akademix.test', 1, '2026-05-16 10:58:42');

/*!40103 SET TIME_ZONE=IFNULL(@OLD_TIME_ZONE, 'system') */;
/*!40101 SET SQL_MODE=IFNULL(@OLD_SQL_MODE, '') */;
/*!40014 SET FOREIGN_KEY_CHECKS=IFNULL(@OLD_FOREIGN_KEY_CHECKS, 1) */;
/*!40101 SET CHARACTER_SET_CLIENT=@OLD_CHARACTER_SET_CLIENT */;
/*!40111 SET SQL_NOTES=IFNULL(@OLD_SQL_NOTES, 1) */;
