-- --------------------------------------------------------
-- Host:                         127.0.0.1
-- Server version:               8.4.3 - MySQL Community Server - GPL
-- Server OS:                    Win64
-- HeidiSQL Version:             12.8.0.6908
-- --------------------------------------------------------

/*!40101 SET @OLD_CHARACTER_SET_CLIENT=@@CHARACTER_SET_CLIENT */;
/*!40101 SET NAMES utf8 */;
/*!50503 SET NAMES utf8mb4 */;
/*!40103 SET @OLD_TIME_ZONE=@@TIME_ZONE */;
/*!40103 SET TIME_ZONE='+00:00' */;
/*!40014 SET @OLD_FOREIGN_KEY_CHECKS=@@FOREIGN_KEY_CHECKS, FOREIGN_KEY_CHECKS=0 */;
/*!40101 SET @OLD_SQL_MODE=@@SQL_MODE, SQL_MODE='NO_AUTO_VALUE_ON_ZERO' */;
/*!40111 SET @OLD_SQL_NOTES=@@SQL_NOTES, SQL_NOTES=0 */;


-- Dumping database structure for akademix_2
CREATE DATABASE IF NOT EXISTS `akademix_2` /*!40100 DEFAULT CHARACTER SET utf8mb4 COLLATE utf8mb4_0900_ai_ci */ /*!80016 DEFAULT ENCRYPTION='N' */;
USE `akademix_2`;

-- Dumping structure for table akademix_2.academic_years
CREATE TABLE IF NOT EXISTS `academic_years` (
  `id` bigint unsigned NOT NULL AUTO_INCREMENT,
  `year_label` varchar(20) COLLATE utf8mb4_unicode_ci NOT NULL,
  `semester` enum('ganjil','genap') COLLATE utf8mb4_unicode_ci NOT NULL,
  `start_date` date NOT NULL,
  `end_date` date NOT NULL,
  `is_active` tinyint(1) NOT NULL DEFAULT '0',
  `created_at` timestamp NULL DEFAULT NULL,
  `updated_at` timestamp NULL DEFAULT NULL,
  PRIMARY KEY (`id`)
) ENGINE=InnoDB AUTO_INCREMENT=5 DEFAULT CHARSET=utf8mb4 COLLATE=utf8mb4_unicode_ci;

-- Dumping data for table akademix_2.academic_years: ~4 rows (approximately)
INSERT INTO `academic_years` (`id`, `year_label`, `semester`, `start_date`, `end_date`, `is_active`, `created_at`, `updated_at`) VALUES
	(1, '2024/2025', 'ganjil', '2024-07-15', '2024-12-20', 0, NULL, NULL),
	(2, '2024/2025', 'genap', '2025-01-06', '2025-06-20', 0, NULL, NULL),
	(3, '2025/2026', 'ganjil', '2025-07-15', '2025-12-20', 0, NULL, NULL),
	(4, '2025/2026', 'genap', '2026-01-06', '2026-06-20', 1, NULL, NULL);

-- Dumping structure for table akademix_2.assignments
CREATE TABLE IF NOT EXISTS `assignments` (
  `id` bigint unsigned NOT NULL AUTO_INCREMENT,
  `subject_id` bigint unsigned NOT NULL,
  `classroom_id` bigint unsigned NOT NULL,
  `teacher_id` bigint unsigned NOT NULL,
  `academic_year_id` bigint unsigned NOT NULL,
  `title` varchar(150) COLLATE utf8mb4_unicode_ci NOT NULL,
  `description` text COLLATE utf8mb4_unicode_ci NOT NULL,
  `due_date` datetime NOT NULL,
  `attachment` text COLLATE utf8mb4_unicode_ci,
  `created_at` timestamp NULL DEFAULT NULL,
  `updated_at` timestamp NULL DEFAULT NULL,
  PRIMARY KEY (`id`),
  KEY `assignments_subject_id_foreign` (`subject_id`),
  KEY `assignments_classroom_id_foreign` (`classroom_id`),
  KEY `assignments_teacher_id_foreign` (`teacher_id`),
  KEY `assignments_academic_year_id_foreign` (`academic_year_id`),
  CONSTRAINT `assignments_academic_year_id_foreign` FOREIGN KEY (`academic_year_id`) REFERENCES `academic_years` (`id`) ON DELETE RESTRICT ON UPDATE CASCADE,
  CONSTRAINT `assignments_classroom_id_foreign` FOREIGN KEY (`classroom_id`) REFERENCES `classrooms` (`id`) ON DELETE CASCADE ON UPDATE CASCADE,
  CONSTRAINT `assignments_subject_id_foreign` FOREIGN KEY (`subject_id`) REFERENCES `subjects` (`id`) ON DELETE CASCADE ON UPDATE CASCADE,
  CONSTRAINT `assignments_teacher_id_foreign` FOREIGN KEY (`teacher_id`) REFERENCES `teachers` (`id`) ON DELETE CASCADE ON UPDATE CASCADE
) ENGINE=InnoDB AUTO_INCREMENT=4 DEFAULT CHARSET=utf8mb4 COLLATE=utf8mb4_unicode_ci;

-- Dumping data for table akademix_2.assignments: ~3 rows (approximately)
INSERT INTO `assignments` (`id`, `subject_id`, `classroom_id`, `teacher_id`, `academic_year_id`, `title`, `description`, `due_date`, `attachment`, `created_at`, `updated_at`) VALUES
	(1, 1, 6, 1, 4, 'Tugas 1: Operasi Matriks', 'Kerjakan 5 soal perhitungan matriks dari file buku cetak halaman 42.', '2026-05-25 23:59:00', NULL, '2026-05-11 01:00:00', NULL),
	(2, 1, 6, 1, 4, 'Kuis Matriks & Determinan', 'Kuis evaluasi pemahaman determinan dan invers matriks.', '2026-05-30 23:59:00', NULL, '2026-05-18 01:00:00', NULL),
	(3, 4, 6, 10, 4, 'Laporan Praktikum Hukum Newton', 'Tulis laporan hasil praktikum katrol gantung minimal 3 halaman.', '2026-05-20 20:00:00', NULL, '2026-05-13 03:00:00', NULL);

-- Dumping structure for table akademix_2.assignment_submissions
CREATE TABLE IF NOT EXISTS `assignment_submissions` (
  `id` bigint unsigned NOT NULL AUTO_INCREMENT,
  `assignment_id` bigint unsigned NOT NULL,
  `student_id` bigint unsigned NOT NULL,
  `content` text COLLATE utf8mb4_unicode_ci NOT NULL,
  `status` enum('belum','submitted','reviewed') COLLATE utf8mb4_unicode_ci NOT NULL DEFAULT 'submitted',
  `submitted_at` datetime DEFAULT NULL,
  `score` decimal(5,2) DEFAULT NULL,
  `feedback` text COLLATE utf8mb4_unicode_ci,
  `attachment` text COLLATE utf8mb4_unicode_ci,
  `created_at` timestamp NULL DEFAULT NULL,
  `updated_at` timestamp NULL DEFAULT NULL,
  PRIMARY KEY (`id`),
  UNIQUE KEY `assignment_submissions_assignment_id_student_id_unique` (`assignment_id`,`student_id`),
  KEY `assignment_submissions_student_id_foreign` (`student_id`),
  CONSTRAINT `assignment_submissions_assignment_id_foreign` FOREIGN KEY (`assignment_id`) REFERENCES `assignments` (`id`) ON DELETE CASCADE ON UPDATE CASCADE,
  CONSTRAINT `assignment_submissions_student_id_foreign` FOREIGN KEY (`student_id`) REFERENCES `students` (`id`) ON DELETE CASCADE ON UPDATE CASCADE
) ENGINE=InnoDB AUTO_INCREMENT=3 DEFAULT CHARSET=utf8mb4 COLLATE=utf8mb4_unicode_ci;

-- Dumping data for table akademix_2.assignment_submissions: ~2 rows (approximately)
INSERT INTO `assignment_submissions` (`id`, `assignment_id`, `student_id`, `content`, `status`, `submitted_at`, `score`, `feedback`, `attachment`, `created_at`, `updated_at`) VALUES
	(1, 1, 1, 'Jawaban saya sudah saya tulis lengkap di kertas dan saya lampirkan fotonya.', 'submitted', '2026-05-24 15:30:00', 88.00, 'Bagus sekali, perhitungan ordo 3x3 sudah benar.', NULL, NULL, NULL),
	(2, 2, 1, 'Mengumpulkan jawaban kuis matriks.', 'submitted', '2026-05-29 20:15:00', 90.00, 'Sangat teliti.', NULL, NULL, NULL);

-- Dumping structure for table akademix_2.attendance_records
CREATE TABLE IF NOT EXISTS `attendance_records` (
  `id` bigint unsigned NOT NULL AUTO_INCREMENT,
  `attendance_session_id` bigint unsigned NOT NULL,
  `student_id` bigint unsigned NOT NULL,
  `status` enum('hadir','izin','sakit','alpha') COLLATE utf8mb4_unicode_ci NOT NULL DEFAULT 'hadir',
  `notes` varchar(255) COLLATE utf8mb4_unicode_ci DEFAULT NULL,
  `created_at` timestamp NULL DEFAULT NULL,
  `updated_at` timestamp NULL DEFAULT NULL,
  PRIMARY KEY (`id`),
  KEY `attendance_records_attendance_session_id_foreign` (`attendance_session_id`),
  KEY `attendance_records_student_id_foreign` (`student_id`),
  CONSTRAINT `attendance_records_attendance_session_id_foreign` FOREIGN KEY (`attendance_session_id`) REFERENCES `attendance_sessions` (`id`) ON DELETE CASCADE ON UPDATE CASCADE,
  CONSTRAINT `attendance_records_student_id_foreign` FOREIGN KEY (`student_id`) REFERENCES `students` (`id`) ON DELETE CASCADE ON UPDATE CASCADE
) ENGINE=InnoDB AUTO_INCREMENT=629 DEFAULT CHARSET=utf8mb4 COLLATE=utf8mb4_unicode_ci;

-- Dumping data for table akademix_2.attendance_records: ~624 rows (approximately)
INSERT INTO `attendance_records` (`id`, `attendance_session_id`, `student_id`, `status`, `notes`, `created_at`, `updated_at`) VALUES
	(1, 1, 1, 'hadir', NULL, NULL, NULL),
	(2, 1, 2, 'hadir', NULL, NULL, NULL),
	(3, 1, 3, 'hadir', NULL, NULL, NULL),
	(4, 1, 4, 'hadir', NULL, NULL, NULL),
	(5, 1, 5, 'hadir', NULL, NULL, NULL),
	(6, 1, 6, 'hadir', NULL, NULL, NULL),
	(7, 1, 7, 'hadir', NULL, NULL, NULL),
	(8, 1, 8, 'hadir', NULL, NULL, NULL),
	(9, 1, 9, 'hadir', NULL, NULL, NULL),
	(10, 1, 10, 'hadir', NULL, NULL, NULL),
	(11, 1, 11, 'hadir', NULL, NULL, NULL),
	(12, 1, 12, 'hadir', NULL, NULL, NULL),
	(13, 2, 1, 'hadir', NULL, NULL, NULL),
	(14, 2, 2, 'hadir', NULL, NULL, NULL),
	(15, 2, 3, 'hadir', NULL, NULL, NULL),
	(16, 2, 4, 'hadir', NULL, NULL, NULL),
	(17, 2, 5, 'hadir', NULL, NULL, NULL),
	(18, 2, 6, 'hadir', NULL, NULL, NULL),
	(19, 2, 7, 'hadir', NULL, NULL, NULL),
	(20, 2, 8, 'hadir', NULL, NULL, NULL),
	(21, 2, 9, 'hadir', NULL, NULL, NULL),
	(22, 2, 10, 'hadir', NULL, NULL, NULL),
	(23, 2, 11, 'hadir', NULL, NULL, NULL),
	(24, 2, 12, 'hadir', NULL, NULL, NULL),
	(25, 3, 1, 'hadir', NULL, NULL, NULL),
	(26, 3, 2, 'hadir', NULL, NULL, NULL),
	(27, 3, 3, 'hadir', NULL, NULL, NULL),
	(28, 3, 4, 'hadir', NULL, NULL, NULL),
	(29, 3, 5, 'hadir', NULL, NULL, NULL),
	(30, 3, 6, 'hadir', NULL, NULL, NULL),
	(31, 3, 7, 'hadir', NULL, NULL, NULL),
	(32, 3, 8, 'hadir', NULL, NULL, NULL),
	(33, 3, 9, 'hadir', NULL, NULL, NULL),
	(34, 3, 10, 'hadir', NULL, NULL, NULL),
	(35, 3, 11, 'hadir', NULL, NULL, NULL),
	(36, 3, 12, 'hadir', NULL, NULL, NULL),
	(37, 4, 1, 'izin', 'Izin', NULL, NULL),
	(38, 4, 2, 'hadir', NULL, NULL, NULL),
	(39, 4, 3, 'hadir', NULL, NULL, NULL),
	(40, 4, 4, 'hadir', NULL, NULL, NULL),
	(41, 4, 5, 'hadir', NULL, NULL, NULL),
	(42, 4, 6, 'hadir', NULL, NULL, NULL),
	(43, 4, 7, 'hadir', NULL, NULL, NULL),
	(44, 4, 8, 'hadir', NULL, NULL, NULL),
	(45, 4, 9, 'hadir', NULL, NULL, NULL),
	(46, 4, 10, 'hadir', NULL, NULL, NULL),
	(47, 4, 11, 'hadir', NULL, NULL, NULL),
	(48, 4, 12, 'hadir', NULL, NULL, NULL),
	(49, 5, 1, 'hadir', NULL, NULL, NULL),
	(50, 5, 2, 'hadir', NULL, NULL, NULL),
	(51, 5, 3, 'hadir', NULL, NULL, NULL),
	(52, 5, 4, 'hadir', NULL, NULL, NULL),
	(53, 5, 5, 'hadir', NULL, NULL, NULL),
	(54, 5, 6, 'hadir', NULL, NULL, NULL),
	(55, 5, 7, 'hadir', NULL, NULL, NULL),
	(56, 5, 8, 'hadir', NULL, NULL, NULL),
	(57, 5, 9, 'hadir', NULL, NULL, NULL),
	(58, 5, 10, 'hadir', NULL, NULL, NULL),
	(59, 5, 11, 'hadir', NULL, NULL, NULL),
	(60, 5, 12, 'hadir', NULL, NULL, NULL),
	(61, 6, 1, 'hadir', NULL, NULL, NULL),
	(62, 6, 2, 'hadir', NULL, NULL, NULL),
	(63, 6, 3, 'hadir', NULL, NULL, NULL),
	(64, 6, 4, 'hadir', NULL, NULL, NULL),
	(65, 6, 5, 'hadir', NULL, NULL, NULL),
	(66, 6, 6, 'hadir', NULL, NULL, NULL),
	(67, 6, 7, 'hadir', NULL, NULL, NULL),
	(68, 6, 8, 'hadir', NULL, NULL, NULL),
	(69, 6, 9, 'hadir', NULL, NULL, NULL),
	(70, 6, 10, 'hadir', NULL, NULL, NULL),
	(71, 6, 11, 'hadir', NULL, NULL, NULL),
	(72, 6, 12, 'hadir', NULL, NULL, NULL),
	(73, 7, 1, 'hadir', NULL, NULL, NULL),
	(74, 7, 2, 'hadir', NULL, NULL, NULL),
	(75, 7, 3, 'hadir', NULL, NULL, NULL),
	(76, 7, 4, 'hadir', NULL, NULL, NULL),
	(77, 7, 5, 'hadir', NULL, NULL, NULL),
	(78, 7, 6, 'hadir', NULL, NULL, NULL),
	(79, 7, 7, 'hadir', NULL, NULL, NULL),
	(80, 7, 8, 'hadir', NULL, NULL, NULL),
	(81, 7, 9, 'hadir', NULL, NULL, NULL),
	(82, 7, 10, 'hadir', NULL, NULL, NULL),
	(83, 7, 11, 'hadir', NULL, NULL, NULL),
	(84, 7, 12, 'hadir', NULL, NULL, NULL),
	(85, 8, 1, 'hadir', NULL, NULL, NULL),
	(86, 8, 2, 'hadir', NULL, NULL, NULL),
	(87, 8, 3, 'hadir', NULL, NULL, NULL),
	(88, 8, 4, 'hadir', NULL, NULL, NULL),
	(89, 8, 5, 'sakit', 'Sakit', NULL, NULL),
	(90, 8, 6, 'hadir', NULL, NULL, NULL),
	(91, 8, 7, 'hadir', NULL, NULL, NULL),
	(92, 8, 8, 'hadir', NULL, NULL, NULL),
	(93, 8, 9, 'hadir', NULL, NULL, NULL),
	(94, 8, 10, 'sakit', 'Sakit', NULL, NULL),
	(95, 8, 11, 'hadir', NULL, NULL, NULL),
	(96, 8, 12, 'hadir', NULL, NULL, NULL),
	(97, 9, 1, 'hadir', NULL, NULL, NULL),
	(98, 9, 2, 'hadir', NULL, NULL, NULL),
	(99, 9, 3, 'hadir', NULL, NULL, NULL),
	(100, 9, 4, 'hadir', NULL, NULL, NULL),
	(101, 9, 5, 'sakit', 'Sakit', NULL, NULL),
	(102, 9, 6, 'hadir', NULL, NULL, NULL),
	(103, 9, 7, 'hadir', NULL, NULL, NULL),
	(104, 9, 8, 'hadir', NULL, NULL, NULL),
	(105, 9, 9, 'hadir', NULL, NULL, NULL),
	(106, 9, 10, 'sakit', 'Sakit', NULL, NULL),
	(107, 9, 11, 'hadir', NULL, NULL, NULL),
	(108, 9, 12, 'hadir', NULL, NULL, NULL),
	(109, 10, 1, 'hadir', NULL, NULL, NULL),
	(110, 10, 2, 'hadir', NULL, NULL, NULL),
	(111, 10, 3, 'hadir', NULL, NULL, NULL),
	(112, 10, 4, 'hadir', NULL, NULL, NULL),
	(113, 10, 5, 'hadir', NULL, NULL, NULL),
	(114, 10, 6, 'hadir', NULL, NULL, NULL),
	(115, 10, 7, 'hadir', NULL, NULL, NULL),
	(116, 10, 8, 'hadir', NULL, NULL, NULL),
	(117, 10, 9, 'hadir', NULL, NULL, NULL),
	(118, 10, 10, 'hadir', NULL, NULL, NULL),
	(119, 10, 11, 'hadir', NULL, NULL, NULL),
	(120, 10, 12, 'hadir', NULL, NULL, NULL),
	(121, 11, 1, 'hadir', NULL, NULL, NULL),
	(122, 11, 2, 'hadir', NULL, NULL, NULL),
	(123, 11, 3, 'hadir', NULL, NULL, NULL),
	(124, 11, 4, 'hadir', NULL, NULL, NULL),
	(125, 11, 5, 'hadir', NULL, NULL, NULL),
	(126, 11, 6, 'hadir', NULL, NULL, NULL),
	(127, 11, 7, 'hadir', NULL, NULL, NULL),
	(128, 11, 8, 'hadir', NULL, NULL, NULL),
	(129, 11, 9, 'hadir', NULL, NULL, NULL),
	(130, 11, 10, 'hadir', NULL, NULL, NULL),
	(131, 11, 11, 'hadir', NULL, NULL, NULL),
	(132, 11, 12, 'hadir', NULL, NULL, NULL),
	(133, 12, 1, 'sakit', 'Sakit', NULL, NULL),
	(134, 12, 2, 'hadir', NULL, NULL, NULL),
	(135, 12, 3, 'hadir', NULL, NULL, NULL),
	(136, 12, 4, 'hadir', NULL, NULL, NULL),
	(137, 12, 5, 'hadir', NULL, NULL, NULL),
	(138, 12, 6, 'hadir', NULL, NULL, NULL),
	(139, 12, 7, 'hadir', NULL, NULL, NULL),
	(140, 12, 8, 'hadir', NULL, NULL, NULL),
	(141, 12, 9, 'hadir', NULL, NULL, NULL),
	(142, 12, 10, 'hadir', NULL, NULL, NULL),
	(143, 12, 11, 'hadir', NULL, NULL, NULL),
	(144, 12, 12, 'hadir', NULL, NULL, NULL),
	(145, 13, 1, 'hadir', NULL, NULL, NULL),
	(146, 13, 2, 'hadir', NULL, NULL, NULL),
	(147, 13, 3, 'hadir', NULL, NULL, NULL),
	(148, 13, 4, 'hadir', NULL, NULL, NULL),
	(149, 13, 5, 'hadir', NULL, NULL, NULL),
	(150, 13, 6, 'hadir', NULL, NULL, NULL),
	(151, 13, 7, 'hadir', NULL, NULL, NULL),
	(152, 13, 8, 'hadir', NULL, NULL, NULL),
	(153, 13, 9, 'hadir', NULL, NULL, NULL),
	(154, 13, 10, 'hadir', NULL, NULL, NULL),
	(155, 13, 11, 'hadir', NULL, NULL, NULL),
	(156, 13, 12, 'hadir', NULL, NULL, NULL),
	(157, 14, 1, 'hadir', NULL, NULL, NULL),
	(158, 14, 2, 'hadir', NULL, NULL, NULL),
	(159, 14, 3, 'hadir', NULL, NULL, NULL),
	(160, 14, 4, 'hadir', NULL, NULL, NULL),
	(161, 14, 5, 'hadir', NULL, NULL, NULL),
	(162, 14, 6, 'hadir', NULL, NULL, NULL),
	(163, 14, 7, 'hadir', NULL, NULL, NULL),
	(164, 14, 8, 'hadir', NULL, NULL, NULL),
	(165, 14, 9, 'hadir', NULL, NULL, NULL),
	(166, 14, 10, 'hadir', NULL, NULL, NULL),
	(167, 14, 11, 'hadir', NULL, NULL, NULL),
	(168, 14, 12, 'hadir', NULL, NULL, NULL),
	(169, 15, 1, 'hadir', NULL, NULL, NULL),
	(170, 15, 2, 'hadir', NULL, NULL, NULL),
	(171, 15, 3, 'hadir', NULL, NULL, NULL),
	(172, 15, 4, 'hadir', NULL, NULL, NULL),
	(173, 15, 5, 'hadir', NULL, NULL, NULL),
	(174, 15, 6, 'hadir', NULL, NULL, NULL),
	(175, 15, 7, 'hadir', NULL, NULL, NULL),
	(176, 15, 8, 'hadir', NULL, NULL, NULL),
	(177, 15, 9, 'hadir', NULL, NULL, NULL),
	(178, 15, 10, 'hadir', NULL, NULL, NULL),
	(179, 15, 11, 'hadir', NULL, NULL, NULL),
	(180, 15, 12, 'hadir', NULL, NULL, NULL),
	(181, 16, 1, 'hadir', NULL, NULL, NULL),
	(182, 16, 2, 'hadir', NULL, NULL, NULL),
	(183, 16, 3, 'hadir', NULL, NULL, NULL),
	(184, 16, 4, 'hadir', NULL, NULL, NULL),
	(185, 16, 5, 'hadir', NULL, NULL, NULL),
	(186, 16, 6, 'hadir', NULL, NULL, NULL),
	(187, 16, 7, 'hadir', NULL, NULL, NULL),
	(188, 16, 8, 'hadir', NULL, NULL, NULL),
	(189, 16, 9, 'hadir', NULL, NULL, NULL),
	(190, 16, 10, 'hadir', NULL, NULL, NULL),
	(191, 16, 11, 'hadir', NULL, NULL, NULL),
	(192, 16, 12, 'hadir', NULL, NULL, NULL),
	(193, 17, 1, 'hadir', NULL, NULL, NULL),
	(194, 17, 2, 'hadir', NULL, NULL, NULL),
	(195, 17, 3, 'hadir', NULL, NULL, NULL),
	(196, 17, 4, 'hadir', NULL, NULL, NULL),
	(197, 17, 5, 'sakit', 'Sakit', NULL, NULL),
	(198, 17, 6, 'hadir', NULL, NULL, NULL),
	(199, 17, 7, 'hadir', NULL, NULL, NULL),
	(200, 17, 8, 'hadir', NULL, NULL, NULL),
	(201, 17, 9, 'hadir', NULL, NULL, NULL),
	(202, 17, 10, 'sakit', 'Sakit', NULL, NULL),
	(203, 17, 11, 'hadir', NULL, NULL, NULL),
	(204, 17, 12, 'hadir', NULL, NULL, NULL),
	(205, 18, 1, 'hadir', NULL, NULL, NULL),
	(206, 18, 2, 'hadir', NULL, NULL, NULL),
	(207, 18, 3, 'hadir', NULL, NULL, NULL),
	(208, 18, 4, 'hadir', NULL, NULL, NULL),
	(209, 18, 5, 'sakit', 'Sakit', NULL, NULL),
	(210, 18, 6, 'hadir', NULL, NULL, NULL),
	(211, 18, 7, 'hadir', NULL, NULL, NULL),
	(212, 18, 8, 'hadir', NULL, NULL, NULL),
	(213, 18, 9, 'hadir', NULL, NULL, NULL),
	(214, 18, 10, 'sakit', 'Sakit', NULL, NULL),
	(215, 18, 11, 'hadir', NULL, NULL, NULL),
	(216, 18, 12, 'hadir', NULL, NULL, NULL),
	(217, 19, 1, 'hadir', NULL, NULL, NULL),
	(218, 19, 2, 'hadir', NULL, NULL, NULL),
	(219, 19, 3, 'hadir', NULL, NULL, NULL),
	(220, 19, 4, 'hadir', NULL, NULL, NULL),
	(221, 19, 5, 'hadir', NULL, NULL, NULL),
	(222, 19, 6, 'hadir', NULL, NULL, NULL),
	(223, 19, 7, 'hadir', NULL, NULL, NULL),
	(224, 19, 8, 'hadir', NULL, NULL, NULL),
	(225, 19, 9, 'hadir', NULL, NULL, NULL),
	(226, 19, 10, 'hadir', NULL, NULL, NULL),
	(227, 19, 11, 'hadir', NULL, NULL, NULL),
	(228, 19, 12, 'hadir', NULL, NULL, NULL),
	(229, 20, 1, 'alpha', 'Alpha', NULL, NULL),
	(230, 20, 2, 'hadir', NULL, NULL, NULL),
	(231, 20, 3, 'hadir', NULL, NULL, NULL),
	(232, 20, 4, 'hadir', NULL, NULL, NULL),
	(233, 20, 5, 'hadir', NULL, NULL, NULL),
	(234, 20, 6, 'hadir', NULL, NULL, NULL),
	(235, 20, 7, 'hadir', NULL, NULL, NULL),
	(236, 20, 8, 'hadir', NULL, NULL, NULL),
	(237, 20, 9, 'hadir', NULL, NULL, NULL),
	(238, 20, 10, 'hadir', NULL, NULL, NULL),
	(239, 20, 11, 'hadir', NULL, NULL, NULL),
	(240, 20, 12, 'hadir', NULL, NULL, NULL),
	(241, 21, 1, 'alpha', 'Alpha', NULL, NULL),
	(242, 21, 2, 'hadir', NULL, NULL, NULL),
	(243, 21, 3, 'hadir', NULL, NULL, NULL),
	(244, 21, 4, 'hadir', NULL, NULL, NULL),
	(245, 21, 5, 'hadir', NULL, NULL, NULL),
	(246, 21, 6, 'hadir', NULL, NULL, NULL),
	(247, 21, 7, 'hadir', NULL, NULL, NULL),
	(248, 21, 8, 'hadir', NULL, NULL, NULL),
	(249, 21, 9, 'hadir', NULL, NULL, NULL),
	(250, 21, 10, 'hadir', NULL, NULL, NULL),
	(251, 21, 11, 'hadir', NULL, NULL, NULL),
	(252, 21, 12, 'hadir', NULL, NULL, NULL),
	(253, 22, 1, 'hadir', NULL, NULL, NULL),
	(254, 22, 2, 'hadir', NULL, NULL, NULL),
	(255, 22, 3, 'hadir', NULL, NULL, NULL),
	(256, 22, 4, 'hadir', NULL, NULL, NULL),
	(257, 22, 5, 'hadir', NULL, NULL, NULL),
	(258, 22, 6, 'hadir', NULL, NULL, NULL),
	(259, 22, 7, 'hadir', NULL, NULL, NULL),
	(260, 22, 8, 'hadir', NULL, NULL, NULL),
	(261, 22, 9, 'hadir', NULL, NULL, NULL),
	(262, 22, 10, 'hadir', NULL, NULL, NULL),
	(263, 22, 11, 'hadir', NULL, NULL, NULL),
	(264, 22, 12, 'hadir', NULL, NULL, NULL),
	(265, 23, 1, 'hadir', NULL, NULL, NULL),
	(266, 23, 2, 'hadir', NULL, NULL, NULL),
	(267, 23, 3, 'hadir', NULL, NULL, NULL),
	(268, 23, 4, 'hadir', NULL, NULL, NULL),
	(269, 23, 5, 'hadir', NULL, NULL, NULL),
	(270, 23, 6, 'hadir', NULL, NULL, NULL),
	(271, 23, 7, 'hadir', NULL, NULL, NULL),
	(272, 23, 8, 'hadir', NULL, NULL, NULL),
	(273, 23, 9, 'hadir', NULL, NULL, NULL),
	(274, 23, 10, 'hadir', NULL, NULL, NULL),
	(275, 23, 11, 'hadir', NULL, NULL, NULL),
	(276, 23, 12, 'hadir', NULL, NULL, NULL),
	(277, 24, 1, 'hadir', NULL, NULL, NULL),
	(278, 24, 2, 'hadir', NULL, NULL, NULL),
	(279, 24, 3, 'hadir', NULL, NULL, NULL),
	(280, 24, 4, 'hadir', NULL, NULL, NULL),
	(281, 24, 5, 'hadir', NULL, NULL, NULL),
	(282, 24, 6, 'hadir', NULL, NULL, NULL),
	(283, 24, 7, 'hadir', NULL, NULL, NULL),
	(284, 24, 8, 'hadir', NULL, NULL, NULL),
	(285, 24, 9, 'hadir', NULL, NULL, NULL),
	(286, 24, 10, 'hadir', NULL, NULL, NULL),
	(287, 24, 11, 'hadir', NULL, NULL, NULL),
	(288, 24, 12, 'hadir', NULL, NULL, NULL),
	(289, 25, 1, 'hadir', NULL, NULL, NULL),
	(290, 25, 2, 'hadir', NULL, NULL, NULL),
	(291, 25, 3, 'hadir', NULL, NULL, NULL),
	(292, 25, 4, 'hadir', NULL, NULL, NULL),
	(293, 25, 5, 'hadir', NULL, NULL, NULL),
	(294, 25, 6, 'hadir', NULL, NULL, NULL),
	(295, 25, 7, 'hadir', NULL, NULL, NULL),
	(296, 25, 8, 'hadir', NULL, NULL, NULL),
	(297, 25, 9, 'hadir', NULL, NULL, NULL),
	(298, 25, 10, 'hadir', NULL, NULL, NULL),
	(299, 25, 11, 'hadir', NULL, NULL, NULL),
	(300, 25, 12, 'hadir', NULL, NULL, NULL),
	(301, 26, 1, 'hadir', NULL, NULL, NULL),
	(302, 26, 2, 'hadir', NULL, NULL, NULL),
	(303, 26, 3, 'hadir', NULL, NULL, NULL),
	(304, 26, 4, 'hadir', NULL, NULL, NULL),
	(305, 26, 5, 'sakit', 'Sakit', NULL, NULL),
	(306, 26, 6, 'hadir', NULL, NULL, NULL),
	(307, 26, 7, 'hadir', NULL, NULL, NULL),
	(308, 26, 8, 'hadir', NULL, NULL, NULL),
	(309, 26, 9, 'hadir', NULL, NULL, NULL),
	(310, 26, 10, 'sakit', 'Sakit', NULL, NULL),
	(311, 26, 11, 'hadir', NULL, NULL, NULL),
	(312, 26, 12, 'hadir', NULL, NULL, NULL),
	(313, 27, 1, 'hadir', NULL, NULL, NULL),
	(314, 27, 2, 'hadir', NULL, NULL, NULL),
	(315, 27, 3, 'hadir', NULL, NULL, NULL),
	(316, 27, 4, 'hadir', NULL, NULL, NULL),
	(317, 27, 5, 'sakit', 'Sakit', NULL, NULL),
	(318, 27, 6, 'hadir', NULL, NULL, NULL),
	(319, 27, 7, 'hadir', NULL, NULL, NULL),
	(320, 27, 8, 'hadir', NULL, NULL, NULL),
	(321, 27, 9, 'hadir', NULL, NULL, NULL),
	(322, 27, 10, 'sakit', 'Sakit', NULL, NULL),
	(323, 27, 11, 'hadir', NULL, NULL, NULL),
	(324, 27, 12, 'hadir', NULL, NULL, NULL),
	(325, 28, 1, 'hadir', NULL, NULL, NULL),
	(326, 28, 2, 'hadir', NULL, NULL, NULL),
	(327, 28, 3, 'hadir', NULL, NULL, NULL),
	(328, 28, 4, 'hadir', NULL, NULL, NULL),
	(329, 28, 5, 'hadir', NULL, NULL, NULL),
	(330, 28, 6, 'hadir', NULL, NULL, NULL),
	(331, 28, 7, 'hadir', NULL, NULL, NULL),
	(332, 28, 8, 'hadir', NULL, NULL, NULL),
	(333, 28, 9, 'hadir', NULL, NULL, NULL),
	(334, 28, 10, 'hadir', NULL, NULL, NULL),
	(335, 28, 11, 'hadir', NULL, NULL, NULL),
	(336, 28, 12, 'hadir', NULL, NULL, NULL),
	(337, 29, 1, 'alpha', 'Alpha', NULL, NULL),
	(338, 29, 2, 'hadir', NULL, NULL, NULL),
	(339, 29, 3, 'hadir', NULL, NULL, NULL),
	(340, 29, 4, 'hadir', NULL, NULL, NULL),
	(341, 29, 5, 'hadir', NULL, NULL, NULL),
	(342, 29, 6, 'hadir', NULL, NULL, NULL),
	(343, 29, 7, 'hadir', NULL, NULL, NULL),
	(344, 29, 8, 'hadir', NULL, NULL, NULL),
	(345, 29, 9, 'hadir', NULL, NULL, NULL),
	(346, 29, 10, 'hadir', NULL, NULL, NULL),
	(347, 29, 11, 'hadir', NULL, NULL, NULL),
	(348, 29, 12, 'hadir', NULL, NULL, NULL),
	(349, 30, 1, 'alpha', 'Alpha', NULL, NULL),
	(350, 30, 2, 'hadir', NULL, NULL, NULL),
	(351, 30, 3, 'hadir', NULL, NULL, NULL),
	(352, 30, 4, 'hadir', NULL, NULL, NULL),
	(353, 30, 5, 'hadir', NULL, NULL, NULL),
	(354, 30, 6, 'hadir', NULL, NULL, NULL),
	(355, 30, 7, 'hadir', NULL, NULL, NULL),
	(356, 30, 8, 'hadir', NULL, NULL, NULL),
	(357, 30, 9, 'hadir', NULL, NULL, NULL),
	(358, 30, 10, 'hadir', NULL, NULL, NULL),
	(359, 30, 11, 'hadir', NULL, NULL, NULL),
	(360, 30, 12, 'hadir', NULL, NULL, NULL),
	(361, 31, 1, 'hadir', NULL, NULL, NULL),
	(362, 31, 2, 'hadir', NULL, NULL, NULL),
	(363, 31, 3, 'hadir', NULL, NULL, NULL),
	(364, 31, 4, 'hadir', NULL, NULL, NULL),
	(365, 31, 5, 'hadir', NULL, NULL, NULL),
	(366, 31, 6, 'hadir', NULL, NULL, NULL),
	(367, 31, 7, 'hadir', NULL, NULL, NULL),
	(368, 31, 8, 'hadir', NULL, NULL, NULL),
	(369, 31, 9, 'hadir', NULL, NULL, NULL),
	(370, 31, 10, 'hadir', NULL, NULL, NULL),
	(371, 31, 11, 'hadir', NULL, NULL, NULL),
	(372, 31, 12, 'hadir', NULL, NULL, NULL),
	(373, 32, 1, 'hadir', NULL, NULL, NULL),
	(374, 32, 2, 'hadir', NULL, NULL, NULL),
	(375, 32, 3, 'hadir', NULL, NULL, NULL),
	(376, 32, 4, 'hadir', NULL, NULL, NULL),
	(377, 32, 5, 'hadir', NULL, NULL, NULL),
	(378, 32, 6, 'hadir', NULL, NULL, NULL),
	(379, 32, 7, 'hadir', NULL, NULL, NULL),
	(380, 32, 8, 'hadir', NULL, NULL, NULL),
	(381, 32, 9, 'hadir', NULL, NULL, NULL),
	(382, 32, 10, 'hadir', NULL, NULL, NULL),
	(383, 32, 11, 'hadir', NULL, NULL, NULL),
	(384, 32, 12, 'hadir', NULL, NULL, NULL),
	(385, 33, 1, 'hadir', NULL, NULL, NULL),
	(386, 33, 2, 'hadir', NULL, NULL, NULL),
	(387, 33, 3, 'hadir', NULL, NULL, NULL),
	(388, 33, 4, 'hadir', NULL, NULL, NULL),
	(389, 33, 5, 'hadir', NULL, NULL, NULL),
	(390, 33, 6, 'hadir', NULL, NULL, NULL),
	(391, 33, 7, 'hadir', NULL, NULL, NULL),
	(392, 33, 8, 'hadir', NULL, NULL, NULL),
	(393, 33, 9, 'hadir', NULL, NULL, NULL),
	(394, 33, 10, 'hadir', NULL, NULL, NULL),
	(395, 33, 11, 'hadir', NULL, NULL, NULL),
	(396, 33, 12, 'hadir', NULL, NULL, NULL),
	(397, 34, 1, 'hadir', NULL, NULL, NULL),
	(398, 34, 2, 'hadir', NULL, NULL, NULL),
	(399, 34, 3, 'hadir', NULL, NULL, NULL),
	(400, 34, 4, 'hadir', NULL, NULL, NULL),
	(401, 34, 5, 'hadir', NULL, NULL, NULL),
	(402, 34, 6, 'hadir', NULL, NULL, NULL),
	(403, 34, 7, 'hadir', NULL, NULL, NULL),
	(404, 34, 8, 'hadir', NULL, NULL, NULL),
	(405, 34, 9, 'hadir', NULL, NULL, NULL),
	(406, 34, 10, 'hadir', NULL, NULL, NULL),
	(407, 34, 11, 'hadir', NULL, NULL, NULL),
	(408, 34, 12, 'hadir', NULL, NULL, NULL),
	(409, 35, 1, 'hadir', NULL, NULL, NULL),
	(410, 35, 2, 'hadir', NULL, NULL, NULL),
	(411, 35, 3, 'hadir', NULL, NULL, NULL),
	(412, 35, 4, 'hadir', NULL, NULL, NULL),
	(413, 35, 5, 'sakit', 'Sakit', NULL, NULL),
	(414, 35, 6, 'hadir', NULL, NULL, NULL),
	(415, 35, 7, 'hadir', NULL, NULL, NULL),
	(416, 35, 8, 'hadir', NULL, NULL, NULL),
	(417, 35, 9, 'hadir', NULL, NULL, NULL),
	(418, 35, 10, 'sakit', 'Sakit', NULL, NULL),
	(419, 35, 11, 'hadir', NULL, NULL, NULL),
	(420, 35, 12, 'hadir', NULL, NULL, NULL),
	(421, 36, 1, 'hadir', NULL, NULL, NULL),
	(422, 36, 2, 'hadir', NULL, NULL, NULL),
	(423, 36, 3, 'hadir', NULL, NULL, NULL),
	(424, 36, 4, 'hadir', NULL, NULL, NULL),
	(425, 36, 5, 'sakit', 'Sakit', NULL, NULL),
	(426, 36, 6, 'hadir', NULL, NULL, NULL),
	(427, 36, 7, 'hadir', NULL, NULL, NULL),
	(428, 36, 8, 'hadir', NULL, NULL, NULL),
	(429, 36, 9, 'hadir', NULL, NULL, NULL),
	(430, 36, 10, 'sakit', 'Sakit', NULL, NULL),
	(431, 36, 11, 'hadir', NULL, NULL, NULL),
	(432, 36, 12, 'hadir', NULL, NULL, NULL),
	(433, 37, 1, 'hadir', NULL, NULL, NULL),
	(434, 37, 2, 'hadir', NULL, NULL, NULL),
	(435, 37, 3, 'hadir', NULL, NULL, NULL),
	(436, 37, 4, 'hadir', NULL, NULL, NULL),
	(437, 37, 5, 'hadir', NULL, NULL, NULL),
	(438, 37, 6, 'hadir', NULL, NULL, NULL),
	(439, 37, 7, 'hadir', NULL, NULL, NULL),
	(440, 37, 8, 'hadir', NULL, NULL, NULL),
	(441, 37, 9, 'hadir', NULL, NULL, NULL),
	(442, 37, 10, 'hadir', NULL, NULL, NULL),
	(443, 37, 11, 'hadir', NULL, NULL, NULL),
	(444, 37, 12, 'hadir', NULL, NULL, NULL),
	(445, 38, 1, 'hadir', NULL, NULL, NULL),
	(446, 38, 2, 'hadir', NULL, NULL, NULL),
	(447, 38, 3, 'hadir', NULL, NULL, NULL),
	(448, 38, 4, 'hadir', NULL, NULL, NULL),
	(449, 38, 5, 'hadir', NULL, NULL, NULL),
	(450, 38, 6, 'hadir', NULL, NULL, NULL),
	(451, 38, 7, 'hadir', NULL, NULL, NULL),
	(452, 38, 8, 'hadir', NULL, NULL, NULL),
	(453, 38, 9, 'hadir', NULL, NULL, NULL),
	(454, 38, 10, 'hadir', NULL, NULL, NULL),
	(455, 38, 11, 'hadir', NULL, NULL, NULL),
	(456, 38, 12, 'hadir', NULL, NULL, NULL),
	(457, 39, 1, 'hadir', NULL, NULL, NULL),
	(458, 39, 2, 'hadir', NULL, NULL, NULL),
	(459, 39, 3, 'hadir', NULL, NULL, NULL),
	(460, 39, 4, 'hadir', NULL, NULL, NULL),
	(461, 39, 5, 'hadir', NULL, NULL, NULL),
	(462, 39, 6, 'hadir', NULL, NULL, NULL),
	(463, 39, 7, 'hadir', NULL, NULL, NULL),
	(464, 39, 8, 'hadir', NULL, NULL, NULL),
	(465, 39, 9, 'hadir', NULL, NULL, NULL),
	(466, 39, 10, 'hadir', NULL, NULL, NULL),
	(467, 39, 11, 'hadir', NULL, NULL, NULL),
	(468, 39, 12, 'hadir', NULL, NULL, NULL),
	(469, 40, 1, 'hadir', NULL, NULL, NULL),
	(470, 40, 2, 'hadir', NULL, NULL, NULL),
	(471, 40, 3, 'hadir', NULL, NULL, NULL),
	(472, 40, 4, 'hadir', NULL, NULL, NULL),
	(473, 40, 5, 'hadir', NULL, NULL, NULL),
	(474, 40, 6, 'hadir', NULL, NULL, NULL),
	(475, 40, 7, 'hadir', NULL, NULL, NULL),
	(476, 40, 8, 'hadir', NULL, NULL, NULL),
	(477, 40, 9, 'hadir', NULL, NULL, NULL),
	(478, 40, 10, 'hadir', NULL, NULL, NULL),
	(479, 40, 11, 'hadir', NULL, NULL, NULL),
	(480, 40, 12, 'hadir', NULL, NULL, NULL),
	(481, 41, 1, 'hadir', NULL, NULL, NULL),
	(482, 41, 2, 'hadir', NULL, NULL, NULL),
	(483, 41, 3, 'hadir', NULL, NULL, NULL),
	(484, 41, 4, 'hadir', NULL, NULL, NULL),
	(485, 41, 5, 'hadir', NULL, NULL, NULL),
	(486, 41, 6, 'hadir', NULL, NULL, NULL),
	(487, 41, 7, 'hadir', NULL, NULL, NULL),
	(488, 41, 8, 'hadir', NULL, NULL, NULL),
	(489, 41, 9, 'hadir', NULL, NULL, NULL),
	(490, 41, 10, 'hadir', NULL, NULL, NULL),
	(491, 41, 11, 'hadir', NULL, NULL, NULL),
	(492, 41, 12, 'hadir', NULL, NULL, NULL),
	(493, 42, 1, 'hadir', NULL, NULL, NULL),
	(494, 42, 2, 'hadir', NULL, NULL, NULL),
	(495, 42, 3, 'hadir', NULL, NULL, NULL),
	(496, 42, 4, 'hadir', NULL, NULL, NULL),
	(497, 42, 5, 'hadir', NULL, NULL, NULL),
	(498, 42, 6, 'hadir', NULL, NULL, NULL),
	(499, 42, 7, 'hadir', NULL, NULL, NULL),
	(500, 42, 8, 'hadir', NULL, NULL, NULL),
	(501, 42, 9, 'hadir', NULL, NULL, NULL),
	(502, 42, 10, 'hadir', NULL, NULL, NULL),
	(503, 42, 11, 'hadir', NULL, NULL, NULL),
	(504, 42, 12, 'hadir', NULL, NULL, NULL),
	(505, 43, 1, 'hadir', NULL, NULL, NULL),
	(506, 43, 2, 'hadir', NULL, NULL, NULL),
	(507, 43, 3, 'hadir', NULL, NULL, NULL),
	(508, 43, 4, 'hadir', NULL, NULL, NULL),
	(509, 43, 5, 'hadir', NULL, NULL, NULL),
	(510, 43, 6, 'hadir', NULL, NULL, NULL),
	(511, 43, 7, 'hadir', NULL, NULL, NULL),
	(512, 43, 8, 'hadir', NULL, NULL, NULL),
	(513, 43, 9, 'hadir', NULL, NULL, NULL),
	(514, 43, 10, 'hadir', NULL, NULL, NULL),
	(515, 43, 11, 'hadir', NULL, NULL, NULL),
	(516, 43, 12, 'hadir', NULL, NULL, NULL),
	(517, 44, 1, 'izin', 'Izin', NULL, NULL),
	(518, 44, 2, 'hadir', NULL, NULL, NULL),
	(519, 44, 3, 'hadir', NULL, NULL, NULL),
	(520, 44, 4, 'hadir', NULL, NULL, NULL),
	(521, 44, 5, 'hadir', NULL, NULL, NULL),
	(522, 44, 6, 'hadir', NULL, NULL, NULL),
	(523, 44, 7, 'hadir', NULL, NULL, NULL),
	(524, 44, 8, 'hadir', NULL, NULL, NULL),
	(525, 44, 9, 'hadir', NULL, NULL, NULL),
	(526, 44, 10, 'hadir', NULL, NULL, NULL),
	(527, 44, 11, 'hadir', NULL, NULL, NULL),
	(528, 44, 12, 'hadir', NULL, NULL, NULL),
	(529, 45, 1, 'hadir', NULL, NULL, NULL),
	(530, 45, 2, 'hadir', NULL, NULL, NULL),
	(531, 45, 3, 'hadir', NULL, NULL, NULL),
	(532, 45, 4, 'hadir', NULL, NULL, NULL),
	(533, 45, 5, 'hadir', NULL, NULL, NULL),
	(534, 45, 6, 'hadir', NULL, NULL, NULL),
	(535, 45, 7, 'hadir', NULL, NULL, NULL),
	(536, 45, 8, 'hadir', NULL, NULL, NULL),
	(537, 45, 9, 'hadir', NULL, NULL, NULL),
	(538, 45, 10, 'hadir', NULL, NULL, NULL),
	(539, 45, 11, 'hadir', NULL, NULL, NULL),
	(540, 45, 12, 'hadir', NULL, NULL, NULL),
	(541, 46, 1, 'hadir', NULL, NULL, NULL),
	(542, 46, 2, 'hadir', NULL, NULL, NULL),
	(543, 46, 3, 'hadir', NULL, NULL, NULL),
	(544, 46, 4, 'hadir', NULL, NULL, NULL),
	(545, 46, 5, 'hadir', NULL, NULL, NULL),
	(546, 46, 6, 'hadir', NULL, NULL, NULL),
	(547, 46, 7, 'hadir', NULL, NULL, NULL),
	(548, 46, 8, 'hadir', NULL, NULL, NULL),
	(549, 46, 9, 'hadir', NULL, NULL, NULL),
	(550, 46, 10, 'hadir', NULL, NULL, NULL),
	(551, 46, 11, 'hadir', NULL, NULL, NULL),
	(552, 46, 12, 'hadir', NULL, NULL, NULL),
	(553, 47, 1, 'sakit', 'Sakit', NULL, NULL),
	(554, 47, 2, 'hadir', NULL, NULL, NULL),
	(555, 47, 3, 'hadir', NULL, NULL, NULL),
	(556, 47, 4, 'hadir', NULL, NULL, NULL),
	(557, 47, 5, 'hadir', NULL, NULL, NULL),
	(558, 47, 6, 'hadir', NULL, NULL, NULL),
	(559, 47, 7, 'hadir', NULL, NULL, NULL),
	(560, 47, 8, 'hadir', NULL, NULL, NULL),
	(561, 47, 9, 'hadir', NULL, NULL, NULL),
	(562, 47, 10, 'hadir', NULL, NULL, NULL),
	(563, 47, 11, 'hadir', NULL, NULL, NULL),
	(564, 47, 12, 'hadir', NULL, NULL, NULL),
	(565, 48, 1, 'hadir', NULL, NULL, NULL),
	(566, 48, 2, 'hadir', NULL, NULL, NULL),
	(567, 48, 3, 'hadir', NULL, NULL, NULL),
	(568, 48, 4, 'hadir', NULL, NULL, NULL),
	(569, 48, 5, 'hadir', NULL, NULL, NULL),
	(570, 48, 6, 'hadir', NULL, NULL, NULL),
	(571, 48, 7, 'hadir', NULL, NULL, NULL),
	(572, 48, 8, 'hadir', NULL, NULL, NULL),
	(573, 48, 9, 'hadir', NULL, NULL, NULL),
	(574, 48, 10, 'hadir', NULL, NULL, NULL),
	(575, 48, 11, 'hadir', NULL, NULL, NULL),
	(576, 48, 12, 'hadir', NULL, NULL, NULL),
	(577, 49, 1, 'alpha', 'Alpha', NULL, NULL),
	(578, 49, 2, 'hadir', NULL, NULL, NULL),
	(579, 49, 3, 'hadir', NULL, NULL, NULL),
	(580, 49, 4, 'hadir', NULL, NULL, NULL),
	(581, 49, 5, 'hadir', NULL, NULL, NULL),
	(582, 49, 6, 'hadir', NULL, NULL, NULL),
	(583, 49, 7, 'hadir', NULL, NULL, NULL),
	(584, 49, 8, 'hadir', NULL, NULL, NULL),
	(585, 49, 9, 'hadir', NULL, NULL, NULL),
	(586, 49, 10, 'hadir', NULL, NULL, NULL),
	(587, 49, 11, 'hadir', NULL, NULL, NULL),
	(588, 49, 12, 'hadir', NULL, NULL, NULL),
	(589, 50, 1, 'alpha', 'Alpha', NULL, NULL),
	(590, 50, 2, 'hadir', NULL, NULL, NULL),
	(591, 50, 3, 'hadir', NULL, NULL, NULL),
	(592, 50, 4, 'hadir', NULL, NULL, NULL),
	(593, 50, 5, 'hadir', NULL, NULL, NULL),
	(594, 50, 6, 'hadir', NULL, NULL, NULL),
	(595, 50, 7, 'hadir', NULL, NULL, NULL),
	(596, 50, 8, 'hadir', NULL, NULL, NULL),
	(597, 50, 9, 'hadir', NULL, NULL, NULL),
	(598, 50, 10, 'hadir', NULL, NULL, NULL),
	(599, 50, 11, 'hadir', NULL, NULL, NULL),
	(600, 50, 12, 'hadir', NULL, NULL, NULL),
	(601, 51, 1, 'hadir', NULL, NULL, NULL),
	(602, 51, 2, 'hadir', NULL, NULL, NULL),
	(603, 51, 3, 'hadir', NULL, NULL, NULL),
	(604, 51, 4, 'hadir', NULL, NULL, NULL),
	(605, 51, 5, 'hadir', NULL, NULL, NULL),
	(606, 51, 6, 'alpha', NULL, NULL, NULL),
	(607, 51, 7, 'alpha', NULL, NULL, NULL),
	(608, 51, 8, 'alpha', NULL, NULL, NULL),
	(609, 51, 9, 'sakit', NULL, NULL, NULL),
	(610, 51, 10, 'sakit', NULL, NULL, NULL),
	(611, 51, 11, 'sakit', NULL, NULL, NULL),
	(612, 51, 12, 'hadir', NULL, NULL, NULL),
	(613, 52, 1, 'hadir', NULL, NULL, NULL),
	(614, 52, 2, 'hadir', NULL, NULL, NULL),
	(615, 52, 3, 'hadir', NULL, NULL, NULL),
	(616, 52, 4, 'hadir', NULL, NULL, NULL),
	(617, 52, 5, 'hadir', NULL, NULL, NULL),
	(618, 52, 6, 'hadir', NULL, NULL, NULL),
	(619, 52, 7, 'hadir', NULL, NULL, NULL),
	(620, 52, 8, 'hadir', NULL, NULL, NULL),
	(621, 52, 9, 'hadir', NULL, NULL, NULL),
	(622, 52, 10, 'hadir', NULL, NULL, NULL),
	(623, 52, 11, 'hadir', NULL, NULL, NULL),
	(624, 52, 12, 'hadir', NULL, NULL, NULL),
	(625, 53, 23, 'alpha', NULL, NULL, NULL),
	(626, 53, 25, 'alpha', NULL, NULL, NULL),
	(627, 53, 31, 'alpha', NULL, NULL, NULL),
	(628, 53, 42, 'alpha', NULL, NULL, NULL);

-- Dumping structure for table akademix_2.attendance_sessions
CREATE TABLE IF NOT EXISTS `attendance_sessions` (
  `id` bigint unsigned NOT NULL AUTO_INCREMENT,
  `classroom_id` bigint unsigned NOT NULL,
  `subject_id` bigint unsigned NOT NULL,
  `teacher_id` bigint unsigned NOT NULL,
  `academic_year_id` bigint unsigned NOT NULL,
  `attendance_date` date NOT NULL,
  `notes` varchar(255) COLLATE utf8mb4_unicode_ci DEFAULT NULL,
  `created_at` timestamp NULL DEFAULT NULL,
  `updated_at` timestamp NULL DEFAULT NULL,
  PRIMARY KEY (`id`),
  KEY `attendance_sessions_classroom_id_foreign` (`classroom_id`),
  KEY `attendance_sessions_subject_id_foreign` (`subject_id`),
  KEY `attendance_sessions_teacher_id_foreign` (`teacher_id`),
  KEY `attendance_sessions_academic_year_id_foreign` (`academic_year_id`),
  CONSTRAINT `attendance_sessions_academic_year_id_foreign` FOREIGN KEY (`academic_year_id`) REFERENCES `academic_years` (`id`) ON DELETE RESTRICT ON UPDATE CASCADE,
  CONSTRAINT `attendance_sessions_classroom_id_foreign` FOREIGN KEY (`classroom_id`) REFERENCES `classrooms` (`id`) ON DELETE CASCADE ON UPDATE CASCADE,
  CONSTRAINT `attendance_sessions_subject_id_foreign` FOREIGN KEY (`subject_id`) REFERENCES `subjects` (`id`) ON DELETE CASCADE ON UPDATE CASCADE,
  CONSTRAINT `attendance_sessions_teacher_id_foreign` FOREIGN KEY (`teacher_id`) REFERENCES `teachers` (`id`) ON DELETE CASCADE ON UPDATE CASCADE
) ENGINE=InnoDB AUTO_INCREMENT=54 DEFAULT CHARSET=utf8mb4 COLLATE=utf8mb4_unicode_ci;

-- Dumping data for table akademix_2.attendance_sessions: ~52 rows (approximately)
INSERT INTO `attendance_sessions` (`id`, `classroom_id`, `subject_id`, `teacher_id`, `academic_year_id`, `attendance_date`, `notes`, `created_at`, `updated_at`) VALUES
	(1, 6, 5, 13, 4, '2026-05-01', 'Pembelajaran reguler Jumat', '2026-05-01 00:30:00', NULL),
	(2, 6, 1, 1, 4, '2026-05-04', 'Pembelajaran reguler Senin', '2026-05-04 00:30:00', NULL),
	(3, 6, 4, 10, 4, '2026-05-04', 'Pembelajaran reguler Senin', '2026-05-04 02:15:00', NULL),
	(4, 6, 2, 4, 4, '2026-05-05', 'Pembelajaran reguler Selasa', '2026-05-05 00:30:00', NULL),
	(5, 6, 3, 7, 4, '2026-05-05', 'Pembelajaran reguler Selasa', '2026-05-05 02:15:00', NULL),
	(6, 6, 1, 1, 4, '2026-05-06', 'Pembelajaran reguler Rabu', '2026-05-06 02:15:00', NULL),
	(7, 6, 5, 13, 4, '2026-05-06', 'Pembelajaran reguler Rabu', '2026-05-06 00:30:00', NULL),
	(8, 6, 4, 10, 4, '2026-05-07', 'Pembelajaran reguler Kamis', '2026-05-07 00:30:00', NULL),
	(9, 6, 3, 7, 4, '2026-05-07', 'Pembelajaran reguler Kamis', '2026-05-07 02:15:00', NULL),
	(10, 6, 5, 13, 4, '2026-05-08', 'Pembelajaran reguler Jumat', '2026-05-08 00:30:00', NULL),
	(11, 6, 1, 1, 4, '2026-05-11', 'Pembelajaran reguler Senin', '2026-05-11 00:30:00', NULL),
	(12, 6, 4, 10, 4, '2026-05-11', 'Pembelajaran reguler Senin', '2026-05-11 02:15:00', NULL),
	(13, 6, 2, 4, 4, '2026-05-12', 'Pembelajaran reguler Selasa', '2026-05-12 00:30:00', NULL),
	(14, 6, 3, 7, 4, '2026-05-12', 'Pembelajaran reguler Selasa', '2026-05-12 02:15:00', NULL),
	(15, 6, 1, 1, 4, '2026-05-13', 'Pembelajaran reguler Rabu', '2026-05-13 02:15:00', NULL),
	(16, 6, 5, 13, 4, '2026-05-13', 'Pembelajaran reguler Rabu', '2026-05-13 00:30:00', NULL),
	(17, 6, 4, 10, 4, '2026-05-14', 'Pembelajaran reguler Kamis', '2026-05-14 00:30:00', NULL),
	(18, 6, 3, 7, 4, '2026-05-14', 'Pembelajaran reguler Kamis', '2026-05-14 02:15:00', NULL),
	(19, 6, 5, 13, 4, '2026-05-15', 'Pembelajaran reguler Jumat', '2026-05-15 00:30:00', NULL),
	(20, 6, 1, 1, 4, '2026-05-18', 'Pembelajaran reguler Senin', '2026-05-18 00:30:00', NULL),
	(21, 6, 4, 10, 4, '2026-05-18', 'Pembelajaran reguler Senin', '2026-05-18 02:15:00', NULL),
	(22, 6, 2, 4, 4, '2026-05-19', 'Pembelajaran reguler Selasa', '2026-05-19 00:30:00', NULL),
	(23, 6, 3, 7, 4, '2026-05-19', 'Pembelajaran reguler Selasa', '2026-05-19 02:15:00', NULL),
	(24, 6, 1, 1, 4, '2026-05-20', 'Pembelajaran reguler Rabu', '2026-05-20 02:15:00', NULL),
	(25, 6, 5, 13, 4, '2026-05-20', 'Pembelajaran reguler Rabu', '2026-05-20 00:30:00', NULL),
	(26, 6, 4, 10, 4, '2026-05-21', 'Pembelajaran reguler Kamis', '2026-05-21 00:30:00', NULL),
	(27, 6, 3, 7, 4, '2026-05-21', 'Pembelajaran reguler Kamis', '2026-05-21 02:15:00', NULL),
	(28, 6, 5, 13, 4, '2026-05-22', 'Pembelajaran reguler Jumat', '2026-05-22 00:30:00', NULL),
	(29, 6, 1, 1, 4, '2026-05-25', 'Pembelajaran reguler Senin', '2026-05-25 00:30:00', NULL),
	(30, 6, 4, 10, 4, '2026-05-25', 'Pembelajaran reguler Senin', '2026-05-25 02:15:00', NULL),
	(31, 6, 2, 4, 4, '2026-05-26', 'Pembelajaran reguler Selasa', '2026-05-26 00:30:00', NULL),
	(32, 6, 3, 7, 4, '2026-05-26', 'Pembelajaran reguler Selasa', '2026-05-26 02:15:00', NULL),
	(33, 6, 1, 1, 4, '2026-05-27', 'Pembelajaran reguler Rabu', '2026-05-27 02:15:00', NULL),
	(34, 6, 5, 13, 4, '2026-05-27', 'Pembelajaran reguler Rabu', '2026-05-27 00:30:00', NULL),
	(35, 6, 4, 10, 4, '2026-05-28', 'Pembelajaran reguler Kamis', '2026-05-28 00:30:00', NULL),
	(36, 6, 3, 7, 4, '2026-05-28', 'Pembelajaran reguler Kamis', '2026-05-28 02:15:00', NULL),
	(37, 6, 5, 13, 4, '2026-05-29', 'Pembelajaran reguler Jumat', '2026-05-29 00:30:00', NULL),
	(38, 6, 1, 1, 4, '2026-06-01', 'Pembelajaran reguler Senin', '2026-06-01 00:30:00', NULL),
	(39, 6, 4, 10, 4, '2026-06-01', 'Pembelajaran reguler Senin', '2026-06-01 02:15:00', NULL),
	(40, 6, 2, 4, 4, '2026-06-02', 'Pembelajaran reguler Selasa', '2026-06-02 00:30:00', NULL),
	(41, 6, 3, 7, 4, '2026-06-02', 'Pembelajaran reguler Selasa', '2026-06-02 02:15:00', NULL),
	(42, 6, 1, 1, 4, '2026-06-03', 'Pembelajaran reguler Rabu', '2026-06-03 02:15:00', NULL),
	(43, 6, 5, 13, 4, '2026-06-03', 'Pembelajaran reguler Rabu', '2026-06-03 00:30:00', NULL),
	(44, 6, 4, 10, 4, '2026-06-04', 'Pembelajaran reguler Kamis', '2026-06-04 00:30:00', NULL),
	(45, 6, 3, 7, 4, '2026-06-04', 'Pembelajaran reguler Kamis', '2026-06-04 02:15:00', NULL),
	(46, 6, 5, 13, 4, '2026-06-05', 'Pembelajaran reguler Jumat', '2026-06-05 00:30:00', NULL),
	(47, 6, 1, 1, 4, '2026-06-08', 'Pembelajaran reguler Senin', '2026-06-08 00:30:00', NULL),
	(48, 6, 4, 10, 4, '2026-06-08', 'Pembelajaran reguler Senin', '2026-06-08 02:15:00', NULL),
	(49, 6, 2, 4, 4, '2026-06-09', 'Pembelajaran reguler Selasa', '2026-06-09 00:30:00', NULL),
	(50, 6, 3, 7, 4, '2026-06-09', 'Pembelajaran reguler Selasa', '2026-06-09 02:15:00', NULL),
	(51, 6, 1, 1, 4, '2026-06-10', 'Pembelajaran reguler Rabu', '2026-06-10 02:15:00', NULL),
	(52, 6, 5, 13, 4, '2026-06-10', 'Pembelajaran reguler Rabu', '2026-06-10 00:30:00', NULL),
	(53, 1, 1, 1, 4, '2026-06-10', NULL, NULL, NULL);

-- Dumping structure for table akademix_2.cache
CREATE TABLE IF NOT EXISTS `cache` (
  `key` varchar(255) COLLATE utf8mb4_unicode_ci NOT NULL,
  `value` mediumtext COLLATE utf8mb4_unicode_ci NOT NULL,
  `expiration` bigint NOT NULL,
  PRIMARY KEY (`key`),
  KEY `cache_expiration_index` (`expiration`)
) ENGINE=InnoDB DEFAULT CHARSET=utf8mb4 COLLATE=utf8mb4_unicode_ci;

-- Dumping data for table akademix_2.cache: ~0 rows (approximately)

-- Dumping structure for table akademix_2.cache_locks
CREATE TABLE IF NOT EXISTS `cache_locks` (
  `key` varchar(255) COLLATE utf8mb4_unicode_ci NOT NULL,
  `owner` varchar(255) COLLATE utf8mb4_unicode_ci NOT NULL,
  `expiration` bigint NOT NULL,
  PRIMARY KEY (`key`),
  KEY `cache_locks_expiration_index` (`expiration`)
) ENGINE=InnoDB DEFAULT CHARSET=utf8mb4 COLLATE=utf8mb4_unicode_ci;

-- Dumping data for table akademix_2.cache_locks: ~0 rows (approximately)

-- Dumping structure for table akademix_2.classes
CREATE TABLE IF NOT EXISTS `classes` (
  `id` bigint unsigned NOT NULL AUTO_INCREMENT,
  `name` varchar(50) COLLATE utf8mb4_unicode_ci NOT NULL,
  `created_at` timestamp NULL DEFAULT NULL,
  `updated_at` timestamp NULL DEFAULT NULL,
  PRIMARY KEY (`id`),
  UNIQUE KEY `classes_name_unique` (`name`)
) ENGINE=InnoDB AUTO_INCREMENT=6 DEFAULT CHARSET=utf8mb4 COLLATE=utf8mb4_unicode_ci;

-- Dumping data for table akademix_2.classes: ~5 rows (approximately)
INSERT INTO `classes` (`id`, `name`, `created_at`, `updated_at`) VALUES
	(1, '1', '2026-06-09 23:02:28', '2026-06-09 23:02:28'),
	(2, '2', '2026-06-09 23:02:28', '2026-06-09 23:02:28'),
	(3, '3', '2026-06-09 23:02:28', '2026-06-09 23:02:28'),
	(4, '4', '2026-06-09 23:02:28', '2026-06-09 23:02:28'),
	(5, '5', '2026-06-09 23:02:28', '2026-06-09 23:02:28');

-- Dumping structure for table akademix_2.classrooms
CREATE TABLE IF NOT EXISTS `classrooms` (
  `id` bigint unsigned NOT NULL AUTO_INCREMENT,
  `academic_year_id` bigint unsigned NOT NULL,
  `class_id` bigint unsigned NOT NULL,
  `grade_level` int NOT NULL,
  `homeroom_teacher_id` bigint unsigned DEFAULT NULL,
  `created_at` timestamp NULL DEFAULT NULL,
  `updated_at` timestamp NULL DEFAULT NULL,
  PRIMARY KEY (`id`),
  KEY `classrooms_academic_year_id_foreign` (`academic_year_id`),
  KEY `classrooms_class_id_foreign` (`class_id`),
  KEY `classrooms_homeroom_teacher_id_foreign` (`homeroom_teacher_id`),
  CONSTRAINT `classrooms_academic_year_id_foreign` FOREIGN KEY (`academic_year_id`) REFERENCES `academic_years` (`id`) ON DELETE RESTRICT ON UPDATE CASCADE,
  CONSTRAINT `classrooms_class_id_foreign` FOREIGN KEY (`class_id`) REFERENCES `classes` (`id`) ON DELETE RESTRICT ON UPDATE CASCADE,
  CONSTRAINT `classrooms_homeroom_teacher_id_foreign` FOREIGN KEY (`homeroom_teacher_id`) REFERENCES `teachers` (`id`) ON DELETE SET NULL ON UPDATE CASCADE
) ENGINE=InnoDB AUTO_INCREMENT=16 DEFAULT CHARSET=utf8mb4 COLLATE=utf8mb4_unicode_ci;

-- Dumping data for table akademix_2.classrooms: ~15 rows (approximately)
INSERT INTO `classrooms` (`id`, `academic_year_id`, `class_id`, `grade_level`, `homeroom_teacher_id`, `created_at`, `updated_at`) VALUES
	(1, 4, 1, 10, 1, '2026-06-09 23:02:28', '2026-06-09 23:02:28'),
	(2, 4, 2, 10, 2, '2026-06-09 23:02:28', '2026-06-09 23:02:28'),
	(3, 4, 3, 10, 3, '2026-06-09 23:02:28', '2026-06-09 23:02:28'),
	(4, 4, 4, 10, 4, '2026-06-09 23:02:28', '2026-06-09 23:02:28'),
	(5, 4, 5, 10, 5, '2026-06-09 23:02:28', '2026-06-09 23:02:28'),
	(6, 4, 1, 11, 6, '2026-06-09 23:02:28', '2026-06-09 23:02:28'),
	(7, 4, 2, 11, 7, '2026-06-09 23:02:28', '2026-06-09 23:02:28'),
	(8, 4, 3, 11, 8, '2026-06-09 23:02:28', '2026-06-09 23:02:28'),
	(9, 4, 4, 11, 9, '2026-06-09 23:02:28', '2026-06-09 23:02:28'),
	(10, 4, 5, 11, 10, '2026-06-09 23:02:28', '2026-06-09 23:02:28'),
	(11, 4, 1, 12, 11, '2026-06-09 23:02:28', '2026-06-09 23:02:28'),
	(12, 4, 2, 12, 12, '2026-06-09 23:02:28', '2026-06-09 23:02:28'),
	(13, 4, 3, 12, 13, '2026-06-09 23:02:28', '2026-06-09 23:02:28'),
	(14, 4, 4, 12, 14, '2026-06-09 23:02:28', '2026-06-09 23:02:28'),
	(15, 4, 5, 12, 15, '2026-06-09 23:02:28', '2026-06-09 23:02:28');

-- Dumping structure for table akademix_2.classroom_students
CREATE TABLE IF NOT EXISTS `classroom_students` (
  `id` bigint unsigned NOT NULL AUTO_INCREMENT,
  `classroom_id` bigint unsigned NOT NULL,
  `student_id` bigint unsigned NOT NULL,
  `created_at` timestamp NULL DEFAULT NULL,
  `updated_at` timestamp NULL DEFAULT NULL,
  PRIMARY KEY (`id`),
  UNIQUE KEY `classroom_students_classroom_id_student_id_unique` (`classroom_id`,`student_id`),
  KEY `classroom_students_student_id_foreign` (`student_id`),
  CONSTRAINT `classroom_students_classroom_id_foreign` FOREIGN KEY (`classroom_id`) REFERENCES `classrooms` (`id`) ON DELETE CASCADE ON UPDATE CASCADE,
  CONSTRAINT `classroom_students_student_id_foreign` FOREIGN KEY (`student_id`) REFERENCES `students` (`id`) ON DELETE CASCADE ON UPDATE CASCADE
) ENGINE=InnoDB AUTO_INCREMENT=51 DEFAULT CHARSET=utf8mb4 COLLATE=utf8mb4_unicode_ci;

-- Dumping data for table akademix_2.classroom_students: ~50 rows (approximately)
INSERT INTO `classroom_students` (`id`, `classroom_id`, `student_id`, `created_at`, `updated_at`) VALUES
	(1, 6, 1, NULL, NULL),
	(2, 6, 2, NULL, NULL),
	(3, 6, 3, NULL, NULL),
	(4, 6, 4, NULL, NULL),
	(5, 6, 5, NULL, NULL),
	(6, 6, 6, NULL, NULL),
	(7, 6, 7, NULL, NULL),
	(8, 6, 8, NULL, NULL),
	(9, 6, 9, NULL, NULL),
	(10, 6, 10, NULL, NULL),
	(11, 6, 11, NULL, NULL),
	(12, 6, 12, NULL, NULL),
	(13, 7, 13, NULL, NULL),
	(14, 8, 14, NULL, NULL),
	(15, 7, 15, NULL, NULL),
	(16, 2, 16, NULL, NULL),
	(17, 5, 17, NULL, NULL),
	(18, 9, 18, NULL, NULL),
	(19, 8, 19, NULL, NULL),
	(20, 8, 20, NULL, NULL),
	(21, 12, 21, NULL, NULL),
	(22, 7, 22, NULL, NULL),
	(23, 1, 23, NULL, NULL),
	(24, 9, 24, NULL, NULL),
	(25, 1, 25, NULL, NULL),
	(26, 2, 26, NULL, NULL),
	(27, 7, 27, NULL, NULL),
	(28, 15, 28, NULL, NULL),
	(29, 9, 29, NULL, NULL),
	(30, 8, 30, NULL, NULL),
	(31, 1, 31, NULL, NULL),
	(32, 14, 32, NULL, NULL),
	(33, 10, 33, NULL, NULL),
	(34, 15, 34, NULL, NULL),
	(35, 12, 35, NULL, NULL),
	(36, 9, 36, NULL, NULL),
	(37, 2, 37, NULL, NULL),
	(38, 12, 38, NULL, NULL),
	(39, 12, 39, NULL, NULL),
	(40, 10, 40, NULL, NULL),
	(41, 15, 41, NULL, NULL),
	(42, 1, 42, NULL, NULL),
	(43, 7, 43, NULL, NULL),
	(44, 2, 44, NULL, NULL),
	(45, 15, 45, NULL, NULL),
	(46, 5, 46, NULL, NULL),
	(47, 4, 47, NULL, NULL),
	(48, 3, 48, NULL, NULL),
	(49, 15, 49, NULL, NULL),
	(50, 9, 50, NULL, NULL);

-- Dumping structure for table akademix_2.cohorts
CREATE TABLE IF NOT EXISTS `cohorts` (
  `id` bigint unsigned NOT NULL AUTO_INCREMENT,
  `year_name` varchar(20) COLLATE utf8mb4_unicode_ci NOT NULL,
  `created_at` timestamp NULL DEFAULT NULL,
  `updated_at` timestamp NULL DEFAULT NULL,
  PRIMARY KEY (`id`),
  UNIQUE KEY `cohorts_year_name_unique` (`year_name`)
) ENGINE=InnoDB AUTO_INCREMENT=3 DEFAULT CHARSET=utf8mb4 COLLATE=utf8mb4_unicode_ci;

-- Dumping data for table akademix_2.cohorts: ~2 rows (approximately)
INSERT INTO `cohorts` (`id`, `year_name`, `created_at`, `updated_at`) VALUES
	(1, '2024', NULL, NULL),
	(2, '2025', NULL, NULL);

-- Dumping structure for table akademix_2.failed_jobs
CREATE TABLE IF NOT EXISTS `failed_jobs` (
  `id` bigint unsigned NOT NULL AUTO_INCREMENT,
  `uuid` varchar(255) COLLATE utf8mb4_unicode_ci NOT NULL,
  `connection` varchar(255) COLLATE utf8mb4_unicode_ci NOT NULL,
  `queue` varchar(255) COLLATE utf8mb4_unicode_ci NOT NULL,
  `payload` longtext COLLATE utf8mb4_unicode_ci NOT NULL,
  `exception` longtext COLLATE utf8mb4_unicode_ci NOT NULL,
  `failed_at` timestamp NOT NULL DEFAULT CURRENT_TIMESTAMP,
  PRIMARY KEY (`id`),
  UNIQUE KEY `failed_jobs_uuid_unique` (`uuid`),
  KEY `failed_jobs_connection_queue_failed_at_index` (`connection`,`queue`,`failed_at`)
) ENGINE=InnoDB DEFAULT CHARSET=utf8mb4 COLLATE=utf8mb4_unicode_ci;

-- Dumping data for table akademix_2.failed_jobs: ~0 rows (approximately)

-- Dumping structure for table akademix_2.grades
CREATE TABLE IF NOT EXISTS `grades` (
  `id` bigint unsigned NOT NULL AUTO_INCREMENT,
  `student_id` bigint unsigned NOT NULL,
  `subject_id` bigint unsigned NOT NULL,
  `teacher_id` bigint unsigned NOT NULL,
  `classroom_id` bigint unsigned NOT NULL,
  `academic_year_id` bigint unsigned NOT NULL,
  `semester` enum('ganjil','genap') COLLATE utf8mb4_unicode_ci NOT NULL,
  `grade_type` enum('harian','tugas','rapor') COLLATE utf8mb4_unicode_ci NOT NULL,
  `title` varchar(150) COLLATE utf8mb4_unicode_ci NOT NULL,
  `score` decimal(5,2) NOT NULL,
  `notes` text COLLATE utf8mb4_unicode_ci,
  `created_at` timestamp NULL DEFAULT NULL,
  `updated_at` timestamp NULL DEFAULT NULL,
  PRIMARY KEY (`id`),
  KEY `grades_student_id_foreign` (`student_id`),
  KEY `grades_subject_id_foreign` (`subject_id`),
  KEY `grades_teacher_id_foreign` (`teacher_id`),
  KEY `grades_classroom_id_foreign` (`classroom_id`),
  KEY `grades_academic_year_id_foreign` (`academic_year_id`),
  CONSTRAINT `grades_academic_year_id_foreign` FOREIGN KEY (`academic_year_id`) REFERENCES `academic_years` (`id`) ON DELETE RESTRICT ON UPDATE CASCADE,
  CONSTRAINT `grades_classroom_id_foreign` FOREIGN KEY (`classroom_id`) REFERENCES `classrooms` (`id`) ON DELETE CASCADE ON UPDATE CASCADE,
  CONSTRAINT `grades_student_id_foreign` FOREIGN KEY (`student_id`) REFERENCES `students` (`id`) ON DELETE CASCADE ON UPDATE CASCADE,
  CONSTRAINT `grades_subject_id_foreign` FOREIGN KEY (`subject_id`) REFERENCES `subjects` (`id`) ON DELETE CASCADE ON UPDATE CASCADE,
  CONSTRAINT `grades_teacher_id_foreign` FOREIGN KEY (`teacher_id`) REFERENCES `teachers` (`id`) ON DELETE CASCADE ON UPDATE CASCADE
) ENGINE=InnoDB AUTO_INCREMENT=10 DEFAULT CHARSET=utf8mb4 COLLATE=utf8mb4_unicode_ci;

-- Dumping data for table akademix_2.grades: ~9 rows (approximately)
INSERT INTO `grades` (`id`, `student_id`, `subject_id`, `teacher_id`, `classroom_id`, `academic_year_id`, `semester`, `grade_type`, `title`, `score`, `notes`, `created_at`, `updated_at`) VALUES
	(1, 1, 1, 1, 6, 4, 'genap', 'harian', 'Kuis Matriks', 90.00, 'Sangat teliti.', '2026-05-29 13:15:00', NULL),
	(2, 1, 1, 1, 6, 4, 'genap', 'tugas', 'Operasi Matriks', 88.00, 'Bagus sekali.', '2026-05-24 08:30:00', NULL),
	(3, 1, 1, 1, 6, 4, 'genap', 'rapor', 'Nilai Akhir Matematika', 89.00, 'Pemahaman matriks sangat baik.', '2026-06-05 01:00:00', NULL),
	(4, 1, 4, 10, 6, 4, 'genap', 'rapor', 'Nilai Akhir Fisika', 85.00, 'Aktif dalam praktikum Newton.', '2026-06-05 02:00:00', NULL),
	(5, 1, 5, 13, 6, 4, 'genap', 'rapor', 'Nilai Akhir B. Inggris', 87.00, 'Sangat lancar dalam writing.', '2026-06-05 03:00:00', NULL),
	(6, 23, 1, 1, 1, 4, 'genap', 'rapor', 'Rapot Sems 1', 90.00, NULL, NULL, NULL),
	(7, 25, 1, 1, 1, 4, 'genap', 'rapor', 'Rapot Sems 1', 89.00, NULL, NULL, NULL),
	(8, 31, 1, 1, 1, 4, 'genap', 'rapor', 'Rapot Sems 1', 78.00, NULL, NULL, NULL),
	(9, 42, 1, 1, 1, 4, 'genap', 'rapor', 'Rapot Sems 1', 67.00, NULL, NULL, NULL);

-- Dumping structure for table akademix_2.guardians
CREATE TABLE IF NOT EXISTS `guardians` (
  `id` bigint unsigned NOT NULL AUTO_INCREMENT,
  `user_id` bigint unsigned NOT NULL,
  `phone` varchar(40) COLLATE utf8mb4_unicode_ci DEFAULT NULL,
  `address` text COLLATE utf8mb4_unicode_ci,
  `created_at` timestamp NULL DEFAULT NULL,
  `updated_at` timestamp NULL DEFAULT NULL,
  PRIMARY KEY (`id`),
  KEY `guardians_user_id_foreign` (`user_id`),
  CONSTRAINT `guardians_user_id_foreign` FOREIGN KEY (`user_id`) REFERENCES `users` (`id`) ON DELETE CASCADE ON UPDATE CASCADE
) ENGINE=InnoDB DEFAULT CHARSET=utf8mb4 COLLATE=utf8mb4_unicode_ci;

-- Dumping data for table akademix_2.guardians: ~0 rows (approximately)

-- Dumping structure for table akademix_2.jobs
CREATE TABLE IF NOT EXISTS `jobs` (
  `id` bigint unsigned NOT NULL AUTO_INCREMENT,
  `queue` varchar(255) COLLATE utf8mb4_unicode_ci NOT NULL,
  `payload` longtext COLLATE utf8mb4_unicode_ci NOT NULL,
  `attempts` smallint unsigned NOT NULL,
  `reserved_at` int unsigned DEFAULT NULL,
  `available_at` int unsigned NOT NULL,
  `created_at` int unsigned NOT NULL,
  PRIMARY KEY (`id`),
  KEY `jobs_queue_index` (`queue`)
) ENGINE=InnoDB DEFAULT CHARSET=utf8mb4 COLLATE=utf8mb4_unicode_ci;

-- Dumping data for table akademix_2.jobs: ~0 rows (approximately)

-- Dumping structure for table akademix_2.job_batches
CREATE TABLE IF NOT EXISTS `job_batches` (
  `id` varchar(255) COLLATE utf8mb4_unicode_ci NOT NULL,
  `name` varchar(255) COLLATE utf8mb4_unicode_ci NOT NULL,
  `total_jobs` int NOT NULL,
  `pending_jobs` int NOT NULL,
  `failed_jobs` int NOT NULL,
  `failed_job_ids` longtext COLLATE utf8mb4_unicode_ci NOT NULL,
  `options` mediumtext COLLATE utf8mb4_unicode_ci,
  `cancelled_at` int DEFAULT NULL,
  `created_at` int NOT NULL,
  `finished_at` int DEFAULT NULL,
  PRIMARY KEY (`id`)
) ENGINE=InnoDB DEFAULT CHARSET=utf8mb4 COLLATE=utf8mb4_unicode_ci;

-- Dumping data for table akademix_2.job_batches: ~0 rows (approximately)

-- Dumping structure for table akademix_2.materials
CREATE TABLE IF NOT EXISTS `materials` (
  `id` bigint unsigned NOT NULL AUTO_INCREMENT,
  `subject_id` bigint unsigned NOT NULL,
  `classroom_id` bigint unsigned NOT NULL,
  `teacher_id` bigint unsigned NOT NULL,
  `academic_year_id` bigint unsigned NOT NULL,
  `title` varchar(150) COLLATE utf8mb4_unicode_ci NOT NULL,
  `content` text COLLATE utf8mb4_unicode_ci NOT NULL,
  `attachment` text COLLATE utf8mb4_unicode_ci,
  `created_at` timestamp NULL DEFAULT NULL,
  `updated_at` timestamp NULL DEFAULT NULL,
  PRIMARY KEY (`id`),
  KEY `materials_subject_id_foreign` (`subject_id`),
  KEY `materials_classroom_id_foreign` (`classroom_id`),
  KEY `materials_teacher_id_foreign` (`teacher_id`),
  KEY `materials_academic_year_id_foreign` (`academic_year_id`),
  CONSTRAINT `materials_academic_year_id_foreign` FOREIGN KEY (`academic_year_id`) REFERENCES `academic_years` (`id`) ON DELETE RESTRICT ON UPDATE CASCADE,
  CONSTRAINT `materials_classroom_id_foreign` FOREIGN KEY (`classroom_id`) REFERENCES `classrooms` (`id`) ON DELETE CASCADE ON UPDATE CASCADE,
  CONSTRAINT `materials_subject_id_foreign` FOREIGN KEY (`subject_id`) REFERENCES `subjects` (`id`) ON DELETE CASCADE ON UPDATE CASCADE,
  CONSTRAINT `materials_teacher_id_foreign` FOREIGN KEY (`teacher_id`) REFERENCES `teachers` (`id`) ON DELETE CASCADE ON UPDATE CASCADE
) ENGINE=InnoDB AUTO_INCREMENT=5 DEFAULT CHARSET=utf8mb4 COLLATE=utf8mb4_unicode_ci;

-- Dumping data for table akademix_2.materials: ~4 rows (approximately)
INSERT INTO `materials` (`id`, `subject_id`, `classroom_id`, `teacher_id`, `academic_year_id`, `title`, `content`, `attachment`, `created_at`, `updated_at`) VALUES
	(1, 1, 6, 1, 4, 'Matriks dan Operasinya', 'Materi mengenai konsep dasar matriks, baris, kolom, ordo, penjumlahan, pengurangan, dan perkalian matriks.', NULL, '2026-05-10 02:00:00', NULL),
	(2, 1, 6, 1, 4, 'Determinan dan Invers Matriks', 'Materi tentang perhitungan nilai determinan matriks 2x2 dan 3x3 serta mencari invers matriks.', NULL, '2026-05-17 03:00:00', NULL),
	(3, 4, 6, 10, 4, 'Hukum Newton tentang Gerak', 'Penjelasan Hukum I, II, dan III Newton mengenai gerak benda serta aplikasinya pada katrol dan bidang miring.', NULL, '2026-05-12 01:00:00', NULL),
	(4, 5, 6, 13, 4, 'Conditional Sentences', 'Review of Type 0, 1, 2, and 3 conditional sentences with structures and practical examples.', NULL, '2026-05-14 02:00:00', NULL);

-- Dumping structure for table akademix_2.migrations
CREATE TABLE IF NOT EXISTS `migrations` (
  `id` int unsigned NOT NULL AUTO_INCREMENT,
  `migration` varchar(255) COLLATE utf8mb4_unicode_ci NOT NULL,
  `batch` int NOT NULL,
  PRIMARY KEY (`id`)
) ENGINE=InnoDB AUTO_INCREMENT=22 DEFAULT CHARSET=utf8mb4 COLLATE=utf8mb4_unicode_ci;

-- Dumping data for table akademix_2.migrations: ~0 rows (approximately)
INSERT INTO `migrations` (`id`, `migration`, `batch`) VALUES
	(1, '0001_01_01_000000_create_users_table', 1),
	(2, '0001_01_01_000001_create_cache_table', 1),
	(3, '0001_01_01_000002_create_jobs_table', 1),
	(4, '2026_05_22_081015_create_academic_years_table', 1),
	(5, '2026_05_22_081015_create_teachers_table', 1),
	(6, '2026_05_22_081016_create_cohorts_table', 1),
	(7, '2026_05_22_081016_create_guardians_table', 1),
	(8, '2026_05_22_081016_create_students_table', 1),
	(9, '2026_05_22_081017_create_study_classes_table', 1),
	(10, '2026_05_22_081017_create_subjects_table', 1),
	(11, '2026_05_22_081017_create_teacher_subjects_table', 1),
	(12, '2026_05_22_081018_create_classrooms_table', 1),
	(13, '2026_05_22_081018_create_schedules_table', 1),
	(14, '2026_05_22_081019_create_assignments_table', 1),
	(15, '2026_05_22_081019_create_classroom_students_table', 1),
	(16, '2026_05_22_081019_create_materials_table', 1),
	(17, '2026_05_22_081020_create_assignment_submissions_table', 1),
	(18, '2026_05_22_081020_create_attendance_sessions_table', 1),
	(19, '2026_05_22_081021_create_attendance_records_table', 1),
	(20, '2026_05_22_081022_create_grades_table', 1),
	(21, '2026_05_22_105617_change_attachment_to_json_in_tables', 1);

-- Dumping structure for table akademix_2.password_reset_tokens
CREATE TABLE IF NOT EXISTS `password_reset_tokens` (
  `email` varchar(255) COLLATE utf8mb4_unicode_ci NOT NULL,
  `token` varchar(255) COLLATE utf8mb4_unicode_ci NOT NULL,
  `created_at` timestamp NULL DEFAULT NULL,
  PRIMARY KEY (`email`)
) ENGINE=InnoDB DEFAULT CHARSET=utf8mb4 COLLATE=utf8mb4_unicode_ci;

-- Dumping data for table akademix_2.password_reset_tokens: ~0 rows (approximately)

-- Dumping structure for table akademix_2.schedules
CREATE TABLE IF NOT EXISTS `schedules` (
  `id` bigint unsigned NOT NULL AUTO_INCREMENT,
  `classroom_id` bigint unsigned NOT NULL,
  `subject_id` bigint unsigned NOT NULL,
  `teacher_id` bigint unsigned NOT NULL,
  `day_of_week` enum('Senin','Selasa','Rabu','Kamis','Jumat','Sabtu') COLLATE utf8mb4_unicode_ci NOT NULL,
  `start_time` time NOT NULL,
  `end_time` time NOT NULL,
  `room_number` varchar(50) COLLATE utf8mb4_unicode_ci DEFAULT NULL,
  `created_at` timestamp NULL DEFAULT NULL,
  `updated_at` timestamp NULL DEFAULT NULL,
  PRIMARY KEY (`id`),
  KEY `schedules_classroom_id_foreign` (`classroom_id`),
  KEY `schedules_subject_id_foreign` (`subject_id`),
  KEY `schedules_teacher_id_foreign` (`teacher_id`),
  CONSTRAINT `schedules_classroom_id_foreign` FOREIGN KEY (`classroom_id`) REFERENCES `classrooms` (`id`) ON DELETE CASCADE ON UPDATE CASCADE,
  CONSTRAINT `schedules_subject_id_foreign` FOREIGN KEY (`subject_id`) REFERENCES `subjects` (`id`) ON DELETE CASCADE ON UPDATE CASCADE,
  CONSTRAINT `schedules_teacher_id_foreign` FOREIGN KEY (`teacher_id`) REFERENCES `teachers` (`id`) ON DELETE CASCADE ON UPDATE CASCADE
) ENGINE=InnoDB AUTO_INCREMENT=151 DEFAULT CHARSET=utf8mb4 COLLATE=utf8mb4_unicode_ci;

-- Dumping data for table akademix_2.schedules: ~149 rows (approximately)
INSERT INTO `schedules` (`id`, `classroom_id`, `subject_id`, `teacher_id`, `day_of_week`, `start_time`, `end_time`, `room_number`, `created_at`, `updated_at`) VALUES
	(1, 6, 1, 1, 'Senin', '07:30:00', '09:00:00', 'XI-1', NULL, NULL),
	(2, 6, 1, 1, 'Rabu', '09:15:00', '10:45:00', 'XI-1', NULL, NULL),
	(3, 6, 4, 10, 'Senin', '09:15:00', '10:45:00', 'XI-1', NULL, NULL),
	(4, 6, 2, 4, 'Selasa', '07:30:00', '09:00:00', 'XI-1', NULL, NULL),
	(5, 6, 3, 7, 'Selasa', '09:15:00', '10:45:00', 'XI-1', NULL, NULL),
	(6, 6, 5, 13, 'Rabu', '07:30:00', '09:00:00', 'XI-1', NULL, NULL),
	(7, 6, 4, 10, 'Kamis', '07:30:00', '09:00:00', 'XI-1', NULL, NULL),
	(8, 6, 3, 7, 'Kamis', '09:15:00', '10:45:00', 'XI-1', NULL, NULL),
	(9, 6, 5, 13, 'Jumat', '07:30:00', '09:00:00', 'XI-1', NULL, NULL),
	(10, 1, 1, 2, 'Senin', '07:30:00', '09:00:00', 'X-1', NULL, NULL),
	(11, 1, 3, 7, 'Senin', '09:15:00', '10:45:00', 'X-1', NULL, NULL),
	(12, 1, 3, 7, 'Selasa', '07:30:00', '09:00:00', 'X-1', NULL, NULL),
	(13, 1, 1, 1, 'Selasa', '09:15:00', '10:45:00', 'X-1', NULL, NULL),
	(14, 1, 4, 10, 'Rabu', '07:30:00', '09:00:00', 'X-1', NULL, NULL),
	(15, 1, 5, 13, 'Rabu', '09:15:00', '10:45:00', 'X-1', NULL, NULL),
	(16, 1, 5, 13, 'Kamis', '07:30:00', '09:00:00', 'X-1', NULL, NULL),
	(17, 1, 2, 4, 'Kamis', '09:15:00', '10:45:00', 'X-1', NULL, NULL),
	(18, 1, 1, 1, 'Jumat', '07:30:00', '09:00:00', 'X-1', NULL, NULL),
	(19, 1, 2, 4, 'Jumat', '09:15:00', '10:45:00', 'X-1', NULL, NULL),
	(20, 2, 3, 7, 'Senin', '07:30:00', '09:00:00', 'X-2', NULL, NULL),
	(21, 2, 5, 13, 'Senin', '09:15:00', '10:45:00', 'X-2', NULL, NULL),
	(22, 2, 3, 8, 'Selasa', '07:30:00', '09:00:00', 'X-2', NULL, NULL),
	(23, 2, 5, 13, 'Selasa', '09:15:00', '10:45:00', 'X-2', NULL, NULL),
	(24, 2, 3, 7, 'Rabu', '07:30:00', '09:00:00', 'X-2', NULL, NULL),
	(25, 2, 4, 10, 'Rabu', '09:15:00', '10:45:00', 'X-2', NULL, NULL),
	(26, 2, 5, 14, 'Kamis', '07:30:00', '09:00:00', 'X-2', NULL, NULL),
	(27, 2, 2, 5, 'Kamis', '09:15:00', '10:45:00', 'X-2', NULL, NULL),
	(28, 2, 1, 2, 'Jumat', '07:30:00', '09:00:00', 'X-2', NULL, NULL),
	(29, 2, 5, 13, 'Jumat', '09:15:00', '10:45:00', 'X-2', NULL, NULL),
	(30, 3, 4, 10, 'Senin', '07:30:00', '09:00:00', 'X-3', NULL, NULL),
	(31, 3, 1, 1, 'Senin', '09:15:00', '10:45:00', 'X-3', NULL, NULL),
	(32, 3, 1, 1, 'Selasa', '07:30:00', '09:00:00', 'X-3', NULL, NULL),
	(33, 3, 5, 14, 'Selasa', '09:15:00', '10:45:00', 'X-3', NULL, NULL),
	(34, 3, 2, 4, 'Rabu', '07:30:00', '09:00:00', 'X-3', NULL, NULL),
	(35, 3, 5, 14, 'Rabu', '09:15:00', '10:45:00', 'X-3', NULL, NULL),
	(36, 3, 1, 1, 'Kamis', '07:30:00', '09:00:00', 'X-3', NULL, NULL),
	(37, 3, 3, 8, 'Kamis', '09:15:00', '10:45:00', 'X-3', NULL, NULL),
	(38, 3, 4, 10, 'Jumat', '07:30:00', '09:00:00', 'X-3', NULL, NULL),
	(39, 3, 4, 10, 'Jumat', '09:15:00', '10:45:00', 'X-3', NULL, NULL),
	(40, 4, 2, 4, 'Senin', '07:30:00', '09:00:00', 'X-4', NULL, NULL),
	(41, 4, 4, 11, 'Senin', '09:15:00', '10:45:00', 'X-4', NULL, NULL),
	(42, 4, 4, 10, 'Selasa', '07:30:00', '09:00:00', 'X-4', NULL, NULL),
	(43, 4, 5, 15, 'Selasa', '09:15:00', '10:45:00', 'X-4', NULL, NULL),
	(44, 4, 2, 5, 'Rabu', '07:30:00', '09:00:00', 'X-4', NULL, NULL),
	(45, 4, 5, 15, 'Rabu', '09:15:00', '10:45:00', 'X-4', NULL, NULL),
	(46, 4, 5, 15, 'Kamis', '07:30:00', '09:00:00', 'X-4', NULL, NULL),
	(47, 4, 2, 6, 'Kamis', '09:15:00', '10:45:00', 'X-4', NULL, NULL),
	(48, 4, 4, 11, 'Jumat', '07:30:00', '09:00:00', 'X-4', NULL, NULL),
	(49, 4, 5, 14, 'Jumat', '09:15:00', '10:45:00', 'X-4', NULL, NULL),
	(50, 5, 3, 8, 'Senin', '07:30:00', '09:00:00', 'X-5', NULL, NULL),
	(51, 5, 3, 8, 'Senin', '09:15:00', '10:45:00', 'X-5', NULL, NULL),
	(52, 5, 1, 2, 'Selasa', '07:30:00', '09:00:00', 'X-5', NULL, NULL),
	(53, 5, 3, 8, 'Selasa', '09:15:00', '10:45:00', 'X-5', NULL, NULL),
	(54, 5, 5, 14, 'Rabu', '07:30:00', '09:00:00', 'X-5', NULL, NULL),
	(55, 5, 3, 7, 'Rabu', '09:15:00', '10:45:00', 'X-5', NULL, NULL),
	(56, 5, 1, 2, 'Kamis', '07:30:00', '09:00:00', 'X-5', NULL, NULL),
	(57, 5, 1, 1, 'Kamis', '09:15:00', '10:45:00', 'X-5', NULL, NULL),
	(58, 5, 3, 7, 'Jumat', '07:30:00', '09:00:00', 'X-5', NULL, NULL),
	(59, 5, 5, 15, 'Jumat', '09:15:00', '10:45:00', 'X-5', NULL, NULL),
	(60, 7, 4, 11, 'Senin', '07:30:00', '09:00:00', 'XI-2', NULL, NULL),
	(61, 7, 1, 2, 'Senin', '09:15:00', '10:45:00', 'XI-2', NULL, NULL),
	(62, 7, 4, 11, 'Selasa', '07:30:00', '09:00:00', 'XI-2', NULL, NULL),
	(63, 7, 2, 4, 'Selasa', '09:15:00', '10:45:00', 'XI-2', NULL, NULL),
	(64, 7, 1, 1, 'Rabu', '07:30:00', '09:00:00', 'XI-2', NULL, NULL),
	(65, 7, 3, 8, 'Rabu', '09:15:00', '10:45:00', 'XI-2', NULL, NULL),
	(66, 7, 1, 3, 'Kamis', '07:30:00', '09:00:00', 'XI-2', NULL, NULL),
	(67, 7, 1, 2, 'Kamis', '09:15:00', '10:45:00', 'XI-2', NULL, NULL),
	(68, 7, 2, 4, 'Jumat', '07:30:00', '09:00:00', 'XI-2', NULL, NULL),
	(69, 7, 3, 7, 'Jumat', '09:15:00', '10:45:00', 'XI-2', NULL, NULL),
	(70, 8, 5, 13, 'Senin', '07:30:00', '09:00:00', 'XI-3', NULL, NULL),
	(71, 8, 2, 4, 'Senin', '09:15:00', '10:45:00', 'XI-3', NULL, NULL),
	(72, 8, 2, 5, 'Selasa', '07:30:00', '09:00:00', 'XI-3', NULL, NULL),
	(73, 8, 3, 9, 'Selasa', '09:15:00', '10:45:00', 'XI-3', NULL, NULL),
	(74, 8, 5, 15, 'Rabu', '07:30:00', '09:00:00', 'XI-3', NULL, NULL),
	(75, 8, 2, 4, 'Rabu', '09:15:00', '10:45:00', 'XI-3', NULL, NULL),
	(76, 8, 2, 4, 'Kamis', '07:30:00', '09:00:00', 'XI-3', NULL, NULL),
	(77, 8, 5, 13, 'Kamis', '09:15:00', '10:45:00', 'XI-3', NULL, NULL),
	(78, 8, 3, 8, 'Jumat', '07:30:00', '09:00:00', 'XI-3', NULL, NULL),
	(79, 8, 4, 11, 'Jumat', '09:15:00', '10:45:00', 'XI-3', NULL, NULL),
	(80, 9, 1, 3, 'Senin', '07:30:00', '09:00:00', 'XI-4', NULL, NULL),
	(81, 9, 5, 14, 'Senin', '09:15:00', '10:45:00', 'XI-4', NULL, NULL),
	(82, 9, 5, 13, 'Selasa', '07:30:00', '09:00:00', 'XI-4', NULL, NULL),
	(83, 9, 2, 5, 'Selasa', '09:15:00', '10:45:00', 'XI-4', NULL, NULL),
	(84, 9, 4, 11, 'Rabu', '07:30:00', '09:00:00', 'XI-4', NULL, NULL),
	(85, 9, 1, 2, 'Rabu', '09:15:00', '10:45:00', 'XI-4', NULL, NULL),
	(86, 9, 4, 11, 'Kamis', '07:30:00', '09:00:00', 'XI-4', NULL, NULL),
	(87, 9, 4, 10, 'Kamis', '09:15:00', '10:45:00', 'XI-4', NULL, NULL),
	(88, 9, 3, 9, 'Jumat', '07:30:00', '09:00:00', 'XI-4', NULL, NULL),
	(89, 9, 4, 12, 'Jumat', '09:15:00', '10:45:00', 'XI-4', NULL, NULL),
	(90, 10, 3, 9, 'Senin', '07:30:00', '09:00:00', 'XI-5', NULL, NULL),
	(91, 10, 3, 9, 'Senin', '09:15:00', '10:45:00', 'XI-5', NULL, NULL),
	(92, 10, 3, 9, 'Selasa', '07:30:00', '09:00:00', 'XI-5', NULL, NULL),
	(93, 10, 2, 6, 'Selasa', '09:15:00', '10:45:00', 'XI-5', NULL, NULL),
	(94, 10, 1, 2, 'Rabu', '07:30:00', '09:00:00', 'XI-5', NULL, NULL),
	(95, 10, 2, 5, 'Rabu', '09:15:00', '10:45:00', 'XI-5', NULL, NULL),
	(96, 10, 4, 12, 'Kamis', '07:30:00', '09:00:00', 'XI-5', NULL, NULL),
	(97, 10, 4, 11, 'Kamis', '09:15:00', '10:45:00', 'XI-5', NULL, NULL),
	(98, 10, 2, 5, 'Jumat', '07:30:00', '09:00:00', 'XI-5', NULL, NULL),
	(99, 10, 2, 5, 'Jumat', '09:15:00', '10:45:00', 'XI-5', NULL, NULL),
	(100, 11, 4, 12, 'Senin', '07:30:00', '09:00:00', 'XII-1', NULL, NULL),
	(101, 11, 1, 3, 'Senin', '09:15:00', '10:45:00', 'XII-1', NULL, NULL),
	(102, 11, 4, 12, 'Selasa', '07:30:00', '09:00:00', 'XII-1', NULL, NULL),
	(103, 11, 1, 2, 'Selasa', '09:15:00', '10:45:00', 'XII-1', NULL, NULL),
	(104, 11, 4, 12, 'Rabu', '07:30:00', '09:00:00', 'XII-1', NULL, NULL),
	(105, 11, 1, 3, 'Rabu', '09:15:00', '10:45:00', 'XII-1', NULL, NULL),
	(106, 11, 3, 7, 'Kamis', '07:30:00', '09:00:00', 'XII-1', NULL, NULL),
	(107, 11, 3, 9, 'Kamis', '09:15:00', '10:45:00', 'XII-1', NULL, NULL),
	(108, 11, 2, 6, 'Jumat', '07:30:00', '09:00:00', 'XII-1', NULL, NULL),
	(109, 11, 2, 6, 'Jumat', '09:15:00', '10:45:00', 'XII-1', NULL, NULL),
	(110, 12, 2, 5, 'Senin', '07:30:00', '09:00:00', 'XII-2', NULL, NULL),
	(111, 12, 2, 5, 'Senin', '09:15:00', '10:45:00', 'XII-2', NULL, NULL),
	(112, 12, 1, 3, 'Selasa', '07:30:00', '09:00:00', 'XII-2', NULL, NULL),
	(113, 12, 1, 3, 'Selasa', '09:15:00', '10:45:00', 'XII-2', NULL, NULL),
	(114, 12, 3, 8, 'Rabu', '07:30:00', '09:00:00', 'XII-2', NULL, NULL),
	(115, 12, 2, 6, 'Rabu', '09:15:00', '10:45:00', 'XII-2', NULL, NULL),
	(116, 12, 3, 8, 'Kamis', '07:30:00', '09:00:00', 'XII-2', NULL, NULL),
	(117, 12, 4, 12, 'Kamis', '09:15:00', '10:45:00', 'XII-2', NULL, NULL),
	(118, 12, 1, 3, 'Jumat', '07:30:00', '09:00:00', 'XII-2', NULL, NULL),
	(119, 12, 3, 8, 'Jumat', '09:15:00', '10:45:00', 'XII-2', NULL, NULL),
	(120, 13, 2, 6, 'Senin', '07:30:00', '09:00:00', 'XII-3', NULL, NULL),
	(121, 13, 4, 12, 'Senin', '09:15:00', '10:45:00', 'XII-3', NULL, NULL),
	(122, 13, 2, 6, 'Selasa', '07:30:00', '09:00:00', 'XII-3', NULL, NULL),
	(123, 13, 4, 10, 'Selasa', '09:15:00', '10:45:00', 'XII-3', NULL, NULL),
	(124, 13, 3, 9, 'Rabu', '07:30:00', '09:00:00', 'XII-3', NULL, NULL),
	(125, 13, 3, 9, 'Rabu', '09:15:00', '10:45:00', 'XII-3', NULL, NULL),
	(126, 13, 2, 5, 'Kamis', '07:30:00', '09:00:00', 'XII-3', NULL, NULL),
	(127, 13, 5, 14, 'Kamis', '09:15:00', '10:45:00', 'XII-3', NULL, NULL),
	(128, 13, 4, 12, 'Jumat', '07:30:00', '09:00:00', 'XII-3', NULL, NULL),
	(129, 13, 1, 1, 'Jumat', '09:15:00', '10:45:00', 'XII-3', NULL, NULL),
	(130, 14, 5, 14, 'Senin', '07:30:00', '09:00:00', 'XII-4', NULL, NULL),
	(131, 14, 5, 15, 'Senin', '09:15:00', '10:45:00', 'XII-4', NULL, NULL),
	(132, 14, 5, 14, 'Selasa', '07:30:00', '09:00:00', 'XII-4', NULL, NULL),
	(133, 14, 4, 11, 'Selasa', '09:15:00', '10:45:00', 'XII-4', NULL, NULL),
	(134, 14, 1, 3, 'Rabu', '07:30:00', '09:00:00', 'XII-4', NULL, NULL),
	(135, 14, 4, 11, 'Rabu', '09:15:00', '10:45:00', 'XII-4', NULL, NULL),
	(136, 14, 2, 6, 'Kamis', '07:30:00', '09:00:00', 'XII-4', NULL, NULL),
	(137, 14, 1, 3, 'Kamis', '09:15:00', '10:45:00', 'XII-4', NULL, NULL),
	(138, 14, 5, 14, 'Jumat', '07:30:00', '09:00:00', 'XII-4', NULL, NULL),
	(139, 14, 3, 9, 'Jumat', '09:15:00', '10:45:00', 'XII-4', NULL, NULL),
	(140, 15, 5, 15, 'Senin', '07:30:00', '09:00:00', 'XII-5', NULL, NULL),
	(141, 15, 2, 6, 'Senin', '09:15:00', '10:45:00', 'XII-5', NULL, NULL),
	(142, 15, 5, 15, 'Selasa', '07:30:00', '09:00:00', 'XII-5', NULL, NULL),
	(143, 15, 4, 12, 'Selasa', '09:15:00', '10:45:00', 'XII-5', NULL, NULL),
	(144, 15, 2, 6, 'Rabu', '07:30:00', '09:00:00', 'XII-5', NULL, NULL),
	(145, 15, 4, 12, 'Rabu', '09:15:00', '10:45:00', 'XII-5', NULL, NULL),
	(146, 15, 3, 9, 'Kamis', '07:30:00', '09:00:00', 'XII-5', NULL, NULL),
	(147, 15, 5, 15, 'Kamis', '09:15:00', '10:45:00', 'XII-5', NULL, NULL),
	(148, 15, 5, 15, 'Jumat', '07:30:00', '09:00:00', 'XII-5', NULL, NULL),
	(149, 15, 1, 2, 'Jumat', '09:15:00', '10:45:00', 'XII-5', NULL, NULL),
	(150, 1, 4, 12, 'Selasa', '14:02:00', '16:03:00', NULL, NULL, NULL);

-- Dumping structure for table akademix_2.sessions
CREATE TABLE IF NOT EXISTS `sessions` (
  `id` varchar(255) COLLATE utf8mb4_unicode_ci NOT NULL,
  `user_id` bigint unsigned DEFAULT NULL,
  `ip_address` varchar(45) COLLATE utf8mb4_unicode_ci DEFAULT NULL,
  `user_agent` text COLLATE utf8mb4_unicode_ci,
  `payload` longtext COLLATE utf8mb4_unicode_ci NOT NULL,
  `last_activity` int NOT NULL,
  PRIMARY KEY (`id`),
  KEY `sessions_user_id_index` (`user_id`),
  KEY `sessions_last_activity_index` (`last_activity`)
) ENGINE=InnoDB DEFAULT CHARSET=utf8mb4 COLLATE=utf8mb4_unicode_ci;

-- Dumping data for table akademix_2.sessions: ~0 rows (approximately)

-- Dumping structure for table akademix_2.students
CREATE TABLE IF NOT EXISTS `students` (
  `id` bigint unsigned NOT NULL AUTO_INCREMENT,
  `user_id` bigint unsigned NOT NULL,
  `guardian_id` bigint unsigned DEFAULT NULL,
  `cohort_id` bigint unsigned NOT NULL,
  `nis` varchar(50) COLLATE utf8mb4_unicode_ci NOT NULL,
  `gender` enum('L','P') COLLATE utf8mb4_unicode_ci NOT NULL,
  `birth_date` date DEFAULT NULL,
  `phone` varchar(40) COLLATE utf8mb4_unicode_ci DEFAULT NULL,
  `address` text COLLATE utf8mb4_unicode_ci,
  `created_at` timestamp NULL DEFAULT NULL,
  `updated_at` timestamp NULL DEFAULT NULL,
  PRIMARY KEY (`id`),
  UNIQUE KEY `students_nis_unique` (`nis`),
  KEY `students_user_id_foreign` (`user_id`),
  KEY `students_guardian_id_foreign` (`guardian_id`),
  KEY `students_cohort_id_foreign` (`cohort_id`),
  CONSTRAINT `students_cohort_id_foreign` FOREIGN KEY (`cohort_id`) REFERENCES `cohorts` (`id`) ON DELETE RESTRICT ON UPDATE CASCADE,
  CONSTRAINT `students_guardian_id_foreign` FOREIGN KEY (`guardian_id`) REFERENCES `guardians` (`id`) ON DELETE SET NULL ON UPDATE CASCADE,
  CONSTRAINT `students_user_id_foreign` FOREIGN KEY (`user_id`) REFERENCES `users` (`id`) ON DELETE CASCADE ON UPDATE CASCADE
) ENGINE=InnoDB AUTO_INCREMENT=51 DEFAULT CHARSET=utf8mb4 COLLATE=utf8mb4_unicode_ci;

-- Dumping data for table akademix_2.students: ~50 rows (approximately)
INSERT INTO `students` (`id`, `user_id`, `guardian_id`, `cohort_id`, `nis`, `gender`, `birth_date`, `phone`, `address`, `created_at`, `updated_at`) VALUES
	(1, 17, NULL, 1, '20240001', 'L', '2010-09-02', '085719612824', 'Perumahan Indah Blok I1', NULL, NULL),
	(2, 18, NULL, 2, '20240002', 'L', '2010-08-03', '085730394440', 'Perumahan Indah Blok G12', NULL, NULL),
	(3, 19, NULL, 1, '20240003', 'P', '2010-05-05', '085769061568', 'Perumahan Indah Blok E9', NULL, NULL),
	(4, 20, NULL, 2, '20240004', 'L', '2010-04-06', '085750731128', 'Perumahan Indah Blok B6', NULL, NULL),
	(5, 21, NULL, 1, '20240005', 'L', '2010-11-03', '085741776705', 'Perumahan Indah Blok K8', NULL, NULL),
	(6, 22, NULL, 2, '20240006', 'P', '2010-08-21', '085791928098', 'Perumahan Indah Blok C17', NULL, NULL),
	(7, 23, NULL, 1, '20240007', 'L', '2010-06-10', '085752736969', 'Perumahan Indah Blok H20', NULL, NULL),
	(8, 24, NULL, 2, '20240008', 'L', '2010-01-02', '085710446386', 'Perumahan Indah Blok D5', NULL, NULL),
	(9, 25, NULL, 1, '20240009', 'P', '2010-11-18', '085727703831', 'Perumahan Indah Blok B17', NULL, NULL),
	(10, 26, NULL, 2, '20240010', 'L', '2010-06-07', '085779839612', 'Perumahan Indah Blok D18', NULL, NULL),
	(11, 27, NULL, 1, '20240011', 'L', '2010-09-06', '085760250917', 'Perumahan Indah Blok K5', NULL, NULL),
	(12, 28, NULL, 2, '20240012', 'P', '2010-08-09', '085793322857', 'Perumahan Indah Blok D4', NULL, NULL),
	(13, 29, NULL, 1, '20240013', 'L', '2010-06-11', '085785489934', 'Perumahan Indah Blok B11', NULL, NULL),
	(14, 30, NULL, 2, '20240014', 'L', '2010-11-26', '085743830613', 'Perumahan Indah Blok K2', NULL, NULL),
	(15, 31, NULL, 1, '20240015', 'P', '2010-02-21', '085763437415', 'Perumahan Indah Blok B18', NULL, NULL),
	(16, 32, NULL, 2, '20240016', 'L', '2010-10-13', '085788472143', 'Perumahan Indah Blok B3', NULL, NULL),
	(17, 33, NULL, 1, '20240017', 'L', '2010-06-17', '085730092241', 'Perumahan Indah Blok C7', NULL, NULL),
	(18, 34, NULL, 2, '20240018', 'P', '2010-11-07', '085711941852', 'Perumahan Indah Blok A20', NULL, NULL),
	(19, 35, NULL, 1, '20240019', 'L', '2010-01-05', '085788101843', 'Perumahan Indah Blok B2', NULL, NULL),
	(20, 36, NULL, 2, '20240020', 'L', '2010-04-28', '085785805053', 'Perumahan Indah Blok B15', NULL, NULL),
	(21, 37, NULL, 1, '20240021', 'P', '2010-02-26', '085722847087', 'Perumahan Indah Blok B20', NULL, NULL),
	(22, 38, NULL, 2, '20240022', 'L', '2010-08-01', '085744903566', 'Perumahan Indah Blok C15', NULL, NULL),
	(23, 39, NULL, 1, '20240023', 'L', '2010-06-03', '085721505048', 'Perumahan Indah Blok E18', NULL, NULL),
	(24, 40, NULL, 2, '20240024', 'P', '2010-07-06', '085746894518', 'Perumahan Indah Blok F20', NULL, NULL),
	(25, 41, NULL, 1, '20240025', 'L', '2010-02-27', '085781793379', 'Perumahan Indah Blok I14', NULL, NULL),
	(26, 42, NULL, 2, '20240026', 'L', '2010-01-13', '085730392139', 'Perumahan Indah Blok D7', NULL, NULL),
	(27, 43, NULL, 1, '20240027', 'P', '2010-08-10', '085737927317', 'Perumahan Indah Blok B12', NULL, NULL),
	(28, 44, NULL, 2, '20240028', 'L', '2010-04-25', '085783824495', 'Perumahan Indah Blok D14', NULL, NULL),
	(29, 45, NULL, 1, '20240029', 'L', '2010-12-07', '085775650236', 'Perumahan Indah Blok I7', NULL, NULL),
	(30, 46, NULL, 2, '20240030', 'P', '2010-09-27', '085750277599', 'Perumahan Indah Blok B14', NULL, NULL),
	(31, 47, NULL, 1, '20240031', 'L', '2010-10-21', '085770543270', 'Perumahan Indah Blok B7', NULL, NULL),
	(32, 48, NULL, 2, '20240032', 'L', '2010-06-27', '085763045009', 'Perumahan Indah Blok J15', NULL, NULL),
	(33, 49, NULL, 1, '20240033', 'P', '2010-11-12', '085728440264', 'Perumahan Indah Blok J18', NULL, NULL),
	(34, 50, NULL, 2, '20240034', 'L', '2010-06-05', '085738800820', 'Perumahan Indah Blok F9', NULL, NULL),
	(35, 51, NULL, 1, '20240035', 'L', '2010-12-15', '085733029513', 'Perumahan Indah Blok A7', NULL, NULL),
	(36, 52, NULL, 2, '20240036', 'P', '2010-10-24', '085730238418', 'Perumahan Indah Blok A2', NULL, NULL),
	(37, 53, NULL, 1, '20240037', 'L', '2010-10-22', '085749639931', 'Perumahan Indah Blok E19', NULL, NULL),
	(38, 54, NULL, 2, '20240038', 'L', '2010-11-05', '085770738097', 'Perumahan Indah Blok F20', NULL, NULL),
	(39, 55, NULL, 1, '20240039', 'P', '2010-02-25', '085785090558', 'Perumahan Indah Blok F14', NULL, NULL),
	(40, 56, NULL, 2, '20240040', 'L', '2010-10-02', '085767651697', 'Perumahan Indah Blok G18', NULL, NULL),
	(41, 57, NULL, 1, '20240041', 'L', '2010-08-11', '085717745485', 'Perumahan Indah Blok F15', NULL, NULL),
	(42, 58, NULL, 2, '20240042', 'P', '2010-12-04', '085787966286', 'Perumahan Indah Blok C10', NULL, NULL),
	(43, 59, NULL, 1, '20240043', 'L', '2010-02-01', '085734090400', 'Perumahan Indah Blok E3', NULL, NULL),
	(44, 60, NULL, 2, '20240044', 'L', '2010-06-18', '085749902080', 'Perumahan Indah Blok G9', NULL, NULL),
	(45, 61, NULL, 1, '20240045', 'P', '2010-05-25', '085779151003', 'Perumahan Indah Blok G12', NULL, NULL),
	(46, 62, NULL, 2, '20240046', 'L', '2010-09-23', '085780320241', 'Perumahan Indah Blok E9', NULL, NULL),
	(47, 63, NULL, 1, '20240047', 'L', '2010-12-09', '085747386113', 'Perumahan Indah Blok D16', NULL, NULL),
	(48, 64, NULL, 2, '20240048', 'P', '2010-10-16', '085794415603', 'Perumahan Indah Blok G15', NULL, NULL),
	(49, 65, NULL, 1, '20240049', 'L', '2010-04-26', '085764706270', 'Perumahan Indah Blok E18', NULL, NULL),
	(50, 66, NULL, 2, '20240050', 'L', '2010-10-23', '085778460345', 'Perumahan Indah Blok G7', NULL, NULL);

-- Dumping structure for table akademix_2.subjects
CREATE TABLE IF NOT EXISTS `subjects` (
  `id` bigint unsigned NOT NULL AUTO_INCREMENT,
  `code` varchar(20) COLLATE utf8mb4_unicode_ci NOT NULL,
  `name` varchar(100) COLLATE utf8mb4_unicode_ci NOT NULL,
  `description` text COLLATE utf8mb4_unicode_ci,
  `created_at` timestamp NULL DEFAULT NULL,
  `updated_at` timestamp NULL DEFAULT NULL,
  PRIMARY KEY (`id`),
  UNIQUE KEY `subjects_code_unique` (`code`)
) ENGINE=InnoDB AUTO_INCREMENT=6 DEFAULT CHARSET=utf8mb4 COLLATE=utf8mb4_unicode_ci;

-- Dumping data for table akademix_2.subjects: ~5 rows (approximately)
INSERT INTO `subjects` (`id`, `code`, `name`, `description`, `created_at`, `updated_at`) VALUES
	(1, 'MAT', 'Matematika', 'Matematika Wajib dan Peminatan', NULL, NULL),
	(2, 'BIO', 'Biologi', 'Biologi Dasar dan Menengah', NULL, NULL),
	(3, 'BIN', 'Bahasa Indonesia', 'Bahasa dan Sastra Indonesia', NULL, NULL),
	(4, 'FIS', 'Fisika', 'Fisika Teoretis dan Praktikum', NULL, NULL),
	(5, 'BIG', 'Bahasa Inggris', 'Bahasa Inggris Wajib', NULL, NULL);

-- Dumping structure for table akademix_2.teachers
CREATE TABLE IF NOT EXISTS `teachers` (
  `id` bigint unsigned NOT NULL AUTO_INCREMENT,
  `user_id` bigint unsigned NOT NULL,
  `nip` varchar(50) COLLATE utf8mb4_unicode_ci NOT NULL,
  `phone` varchar(40) COLLATE utf8mb4_unicode_ci DEFAULT NULL,
  `address` text COLLATE utf8mb4_unicode_ci,
  `created_at` timestamp NULL DEFAULT NULL,
  `updated_at` timestamp NULL DEFAULT NULL,
  PRIMARY KEY (`id`),
  UNIQUE KEY `teachers_nip_unique` (`nip`),
  KEY `teachers_user_id_foreign` (`user_id`),
  CONSTRAINT `teachers_user_id_foreign` FOREIGN KEY (`user_id`) REFERENCES `users` (`id`) ON DELETE CASCADE ON UPDATE CASCADE
) ENGINE=InnoDB AUTO_INCREMENT=16 DEFAULT CHARSET=utf8mb4 COLLATE=utf8mb4_unicode_ci;

-- Dumping data for table akademix_2.teachers: ~15 rows (approximately)
INSERT INTO `teachers` (`id`, `user_id`, `nip`, `phone`, `address`, `created_at`, `updated_at`) VALUES
	(1, 2, '198097890201501853', '081246323006', 'Jl. Pendidikan No. 1', NULL, NULL),
	(2, 3, '198815149201501639', '081214590840', 'Jl. Pendidikan No. 2', NULL, NULL),
	(3, 4, '198342505201501518', '081264185349', 'Jl. Pendidikan No. 3', NULL, NULL),
	(4, 5, '198142877201501456', '081243297223', 'Jl. Pendidikan No. 4', NULL, NULL),
	(5, 6, '198517951201501170', '081253579920', 'Jl. Pendidikan No. 5', NULL, NULL),
	(6, 7, '198282600201501855', '081265129717', 'Jl. Pendidikan No. 6', NULL, NULL),
	(7, 8, '198623731201501232', '081274549399', 'Jl. Pendidikan No. 7', NULL, NULL),
	(8, 9, '198391688201501194', '081286544276', 'Jl. Pendidikan No. 8', NULL, NULL),
	(9, 10, '198019945201501334', '081272586687', 'Jl. Pendidikan No. 9', NULL, NULL),
	(10, 11, '198196953201501980', '081243956929', 'Jl. Pendidikan No. 10', NULL, NULL),
	(11, 12, '198185279201501863', '081257800894', 'Jl. Pendidikan No. 11', NULL, NULL),
	(12, 13, '198667788201501916', '081289354821', 'Jl. Pendidikan No. 12', NULL, NULL),
	(13, 14, '198774470201501771', '081217492306', 'Jl. Pendidikan No. 13', NULL, NULL),
	(14, 15, '198349347201501380', '081249888180', 'Jl. Pendidikan No. 14', NULL, NULL),
	(15, 16, '198794398201501320', '081251540743', 'Jl. Pendidikan No. 15', NULL, NULL);

-- Dumping structure for table akademix_2.teacher_subjects
CREATE TABLE IF NOT EXISTS `teacher_subjects` (
  `id` bigint unsigned NOT NULL AUTO_INCREMENT,
  `teacher_id` bigint unsigned NOT NULL,
  `subject_id` bigint unsigned NOT NULL,
  `created_at` timestamp NULL DEFAULT NULL,
  `updated_at` timestamp NULL DEFAULT NULL,
  PRIMARY KEY (`id`),
  UNIQUE KEY `teacher_subjects_teacher_id_subject_id_unique` (`teacher_id`,`subject_id`),
  KEY `teacher_subjects_subject_id_foreign` (`subject_id`),
  CONSTRAINT `teacher_subjects_subject_id_foreign` FOREIGN KEY (`subject_id`) REFERENCES `subjects` (`id`) ON DELETE CASCADE ON UPDATE CASCADE,
  CONSTRAINT `teacher_subjects_teacher_id_foreign` FOREIGN KEY (`teacher_id`) REFERENCES `teachers` (`id`) ON DELETE CASCADE ON UPDATE CASCADE
) ENGINE=InnoDB AUTO_INCREMENT=16 DEFAULT CHARSET=utf8mb4 COLLATE=utf8mb4_unicode_ci;

-- Dumping data for table akademix_2.teacher_subjects: ~15 rows (approximately)
INSERT INTO `teacher_subjects` (`id`, `teacher_id`, `subject_id`, `created_at`, `updated_at`) VALUES
	(1, 1, 1, NULL, NULL),
	(2, 2, 1, NULL, NULL),
	(3, 3, 1, NULL, NULL),
	(4, 4, 2, NULL, NULL),
	(5, 5, 2, NULL, NULL),
	(6, 6, 2, NULL, NULL),
	(7, 7, 3, NULL, NULL),
	(8, 8, 3, NULL, NULL),
	(9, 9, 3, NULL, NULL),
	(10, 10, 4, NULL, NULL),
	(11, 11, 4, NULL, NULL),
	(12, 12, 4, NULL, NULL),
	(13, 13, 5, NULL, NULL),
	(14, 14, 5, NULL, NULL),
	(15, 15, 5, NULL, NULL);

-- Dumping structure for table akademix_2.users
CREATE TABLE IF NOT EXISTS `users` (
  `id` bigint unsigned NOT NULL AUTO_INCREMENT,
  `username` varchar(50) COLLATE utf8mb4_unicode_ci DEFAULT NULL,
  `password` varchar(255) COLLATE utf8mb4_unicode_ci NOT NULL,
  `role` enum('admin','teacher','student','parent') COLLATE utf8mb4_unicode_ci NOT NULL,
  `full_name` varchar(120) COLLATE utf8mb4_unicode_ci NOT NULL,
  `email` varchar(120) COLLATE utf8mb4_unicode_ci DEFAULT NULL,
  `is_active` tinyint(1) NOT NULL DEFAULT '1',
  `email_verified_at` timestamp NULL DEFAULT NULL,
  `remember_token` varchar(100) COLLATE utf8mb4_unicode_ci DEFAULT NULL,
  `created_at` timestamp NULL DEFAULT NULL,
  `updated_at` timestamp NULL DEFAULT NULL,
  PRIMARY KEY (`id`),
  UNIQUE KEY `users_username_unique` (`username`),
  UNIQUE KEY `users_email_unique` (`email`)
) ENGINE=InnoDB AUTO_INCREMENT=67 DEFAULT CHARSET=utf8mb4 COLLATE=utf8mb4_unicode_ci;

-- Dumping data for table akademix_2.users: ~66 rows (approximately)
INSERT INTO `users` (`id`, `username`, `password`, `role`, `full_name`, `email`, `is_active`, `email_verified_at`, `remember_token`, `created_at`, `updated_at`) VALUES
	(1, 'admin', '$2y$12$YILuZhScjJ5QttbHHQW4b.GzVJhlYz.ud3Oc8tDVajFRn0tZJKycG', 'admin', 'Admin Akademix', 'admin@akademix.test', 1, NULL, NULL, NULL, NULL),
	(2, 'guru.hendra104', '$2y$12$yqYxZh67a/Ze9yCZfw9tQO0PqwtcVps0mmpbRDSQ/Y/zWCGFveVq.', 'teacher', 'Hendra Wijaya, S.Pd.', 'hendrawijaya,s.pd.@akademix.test', 1, NULL, NULL, NULL, NULL),
	(3, 'guru.teacher2', '$2y$12$nFsVy9wLQtogS3CmgEghL.lckttCJ4tfUtstuWVBDsja5wRb4t.B6', 'teacher', 'Budi Santoso, S.Pd.', 'budisantoso,s.pd.@akademix.test', 1, NULL, NULL, NULL, NULL),
	(4, 'guru.teacher3', '$2y$12$gLiFQlVCbVF8dLhKtlclmu7Jorditj7Y2Z8i56K.OZJn0AWfZ9nwa', 'teacher', 'Rian Hidayat, S.Pd.', 'rianhidayat,s.pd.@akademix.test', 1, NULL, NULL, NULL, NULL),
	(5, 'guru.teacher4', '$2y$12$USNvOzAaE5ld3B2fXSF/H.YEAOTWl.V50Oz3r7jPbTtiyYyDZ.Gbe', 'teacher', 'Sari Wulandari, M.Pd.', 'sariwulandari,m.pd.@akademix.test', 1, NULL, NULL, NULL, NULL),
	(6, 'guru.teacher5', '$2y$12$5MARZMEpi3jdz07kszRoZuc2U9cl/HwXqnes9kiidSGysK49o4/vu', 'teacher', 'Eko Prasetyo, S.Pd.', 'ekoprasetyo,s.pd.@akademix.test', 1, NULL, NULL, NULL, NULL),
	(7, 'guru.teacher6', '$2y$12$l.OVQ/69klKljWYw8blNQeWUm5lnvqOFJb7vYEBpz22GEsRXskJqy', 'teacher', 'Deni Permana, S.Pd.', 'denipermana,s.pd.@akademix.test', 1, NULL, NULL, NULL, NULL),
	(8, 'guru.teacher7', '$2y$12$s8IkeZFPi7SKi0t.5a3oI.lTmGCY8BaGIptfxyL9.qSWmJiAS6qGm', 'teacher', 'Ani Lestari, S.Pd.', 'anilestari,s.pd.@akademix.test', 1, NULL, NULL, NULL, NULL),
	(9, 'guru.teacher8', '$2y$12$27T0Gw41AdwH4v1ZUIVmIejT80M637GEuOKr2Qsszx9T1lR82f36S', 'teacher', 'Tina Marlina, S.Pd.', 'tinamarlina,s.pd.@akademix.test', 1, NULL, NULL, NULL, NULL),
	(10, 'guru.teacher9', '$2y$12$tjHDmKlUo5j/B1ujiVPb3u9d9ctlrfyjISvWywn1lapIDpBe8aVIS', 'teacher', 'Yusuf Bachdim, S.Pd.', 'yusufbachdim,s.pd.@akademix.test', 1, NULL, NULL, NULL, NULL),
	(11, 'guru.teacher10', '$2y$12$Lb.JX5bX.LYvjLdAG7GCdu8A9hPzuC4DNbvALtXJGSCjo5K226f0.', 'teacher', 'Gede Wahyu, S.Pd.', 'gedewahyu,s.pd.@akademix.test', 1, NULL, NULL, NULL, NULL),
	(12, 'guru.teacher11', '$2y$12$2OJfJ7pTQPOOWWaBywH2UuPHIqF7TzPRhlw7nKi.8t02jD3sqy50u', 'teacher', 'Made Surya, S.Pd.', 'madesurya,s.pd.@akademix.test', 1, NULL, NULL, NULL, NULL),
	(13, 'guru.teacher12', '$2y$12$4AdTr2YB.uFlbTamUOJks.covEkn1f83FIs4JPpfrL7oJHqwCei8S', 'teacher', 'Nyoman Dharma, S.Pd.', 'nyomandharma,s.pd.@akademix.test', 1, NULL, NULL, NULL, NULL),
	(14, 'guru.teacher13', '$2y$12$JTTIHI04xJIOcpyHEmDfo.pHRL.BbmwsNYm6XJLHtxoIzbRTAjdq.', 'teacher', 'Ketut Adi, S.Pd.', 'ketutadi,s.pd.@akademix.test', 1, NULL, NULL, NULL, NULL),
	(15, 'guru.teacher14', '$2y$12$oSGB2qvs/BW9DeotWqSvduwex3B75xl5AuQxblIG2beFcW7Lncj7y', 'teacher', 'Wayan Juni, S.Pd.', 'wayanjuni,s.pd.@akademix.test', 1, NULL, NULL, NULL, NULL),
	(16, 'guru.teacher15', '$2y$12$0/7DhxwkOOO/lJ58pKSeMe9R3iHgzXGM.IMyjZ0lZKYA/KbiB8DMC', 'teacher', 'Komang Tri, S.Pd.', 'komangtri,s.pd.@akademix.test', 1, NULL, NULL, NULL, NULL),
	(17, 'siswa.raka', '$2y$12$46izWZ/HY12gfbjWFRmw3.PNvVIvzrxBFZTzeaA5leY534KySkwlK', 'student', 'Raka Mahendra', 'raka@akademix.test', 1, NULL, NULL, NULL, NULL),
	(18, 'siswa.2', '$2y$12$MnOJvgPWnff7mnKhSKKcg.FhheGxB7Ji.buhsGxf3byiUOInBml8O', 'student', 'Eka Rahmawati', 'siswa.2@akademix.test', 1, NULL, NULL, NULL, NULL),
	(19, 'siswa.3', '$2y$12$aaJq0N4zVRXJ1CK3W1lTRuL.g6mL1UgIdnv.PSLMDHA0ElSS5kQ4O', 'student', 'Yudi Dewi', 'siswa.3@akademix.test', 1, NULL, NULL, NULL, NULL),
	(20, 'siswa.4', '$2y$12$7AqR5.1RF4XIziJnFpR7CeHM7trZ0VYlc6ZcU7pGksfqF4y.mcToa', 'student', 'Zahra Widodo', 'siswa.4@akademix.test', 1, NULL, NULL, NULL, NULL),
	(21, 'siswa.5', '$2y$12$Cn9ZTnvaQ4LWsV2EzMQmo.dCtPgXwfDOdnuzPKio.kuqfDV36W0T6', 'student', 'Lestari Mahendra', 'siswa.5@akademix.test', 1, NULL, NULL, NULL, NULL),
	(22, 'siswa.6', '$2y$12$7Dln5ODqmRjuVGrbu9b7YuFQBL1.2U1HrFWzHRacBZmZYJqKX79BS', 'student', 'Lutfi Fauzi', 'siswa.6@akademix.test', 1, NULL, NULL, NULL, NULL),
	(23, 'siswa.7', '$2y$12$4swDhhA6EJNXlQp/9FTEQuC4P.7nDsiDIn0EYUL0GPJN4jLuTtjcC', 'student', 'Indra Dewi', 'siswa.7@akademix.test', 1, NULL, NULL, NULL, NULL),
	(24, 'siswa.8', '$2y$12$UBM6fQd2sL27RZxU.79UfuvYaZCutlpUIZyoQvliEV6d7K8YkiYtG', 'student', 'Lestari Widodo', 'siswa.8@akademix.test', 1, NULL, NULL, NULL, NULL),
	(25, 'siswa.9', '$2y$12$UOfuWNlw3pwBfNk84DFTp.JIQvlJZjH3fnw9kxQB9JDUhvV8y5Vfe', 'student', 'Kevin Widodo', 'siswa.9@akademix.test', 1, NULL, NULL, NULL, NULL),
	(26, 'siswa.10', '$2y$12$chJEX8pfTk8koSfTq1Q4V.b2e8oxcJdIebKjC89trqBKIUPcvN6QK', 'student', 'Siti Rahmawati', 'siswa.10@akademix.test', 1, NULL, NULL, NULL, NULL),
	(27, 'siswa.11', '$2y$12$W5Pxd8WayiIALBdp6IYgmOwh3bOilQ5uOzFcT2PMnoTB3HV0/IZbu', 'student', 'Dimas Dewi', 'siswa.11@akademix.test', 1, NULL, NULL, NULL, NULL),
	(28, 'siswa.12', '$2y$12$RLaPTNybVMpAYl/UWwqLCeZdog21HrftyNFzPUo2H6IVVLtnPJQRO', 'student', 'Sari Rahmawati', 'siswa.12@akademix.test', 1, NULL, NULL, NULL, NULL),
	(29, 'siswa.13', '$2y$12$zPiUorOHlvPepxEsKvkP6Oi9veiYqhcY57uzUOHnQrRNOm4JSzQWq', 'student', 'Pratama Sari', 'siswa.13@akademix.test', 1, NULL, NULL, NULL, NULL),
	(30, 'siswa.14', '$2y$12$tKoxdBQ7mjhy0V0cYXuGwey5JNZu8UXMKoTe/vrEM4sQFUEM4Gi1G', 'student', 'Dewi Pratama', 'siswa.14@akademix.test', 1, NULL, NULL, NULL, NULL),
	(31, 'siswa.15', '$2y$12$tPI2.PInvnPYxHuBjn4tWOrGk4.4FzlQJlDbj732v8QwWXxMh3Ffa', 'student', 'Rizky Wijaya', 'siswa.15@akademix.test', 1, NULL, NULL, NULL, NULL),
	(32, 'siswa.16', '$2y$12$s.YxYyPxUOLtJKPY92PV9eHdvxvG4pNmWJF.APKW0s944RiCwPiTa', 'student', 'Dewi Saputra', 'siswa.16@akademix.test', 1, NULL, NULL, NULL, NULL),
	(33, 'siswa.17', '$2y$12$sWEQ.6Grn0yF2.15fi5zgOc9HrHWN2nbL0/.TKp3QdG6i5A5lAAGS', 'student', 'Kevin Fauzi', 'siswa.17@akademix.test', 1, NULL, NULL, NULL, NULL),
	(34, 'siswa.18', '$2y$12$ZbOwzo/BNIPUkusFQLQCq.UsroSZvyl2B.d91arbhfamTsV85lwHW', 'student', 'Zahra Pratama', 'siswa.18@akademix.test', 1, NULL, NULL, NULL, NULL),
	(35, 'siswa.19', '$2y$12$xQ4joUnZyyxTF7pXGqwSWOzwa4Wd2HSmHdZVL.7KN.Dgvdt5xgS9K', 'student', 'Indah Permana', 'siswa.19@akademix.test', 1, NULL, NULL, NULL, NULL),
	(36, 'siswa.20', '$2y$12$6LhXEUwSGg0W9BB/bSirMuveBOGYYHA6OrsWfa8yCIexRIvRkJEom', 'student', 'Sari Hidayat', 'siswa.20@akademix.test', 1, NULL, NULL, NULL, NULL),
	(37, 'siswa.21', '$2y$12$h4u1QWmlv2eF.jiE8v04f.HJgyE6.Zbiq6k9tnP/BGZ3yAXdqoERG', 'student', 'Nadia Rahmawati', 'siswa.21@akademix.test', 1, NULL, NULL, NULL, NULL),
	(38, 'siswa.22', '$2y$12$0gdTPN5zwyB93EYBrrscVuMHO4blm62QnE2i6ldOQMBLndXZ0d4DC', 'student', 'Fajar Sari', 'siswa.22@akademix.test', 1, NULL, NULL, NULL, NULL),
	(39, 'siswa.23', '$2y$12$/6YuPqaAVkwIazhbW4Q2vOeLlATqBteydIKmo3nlTzyGFxT1f/t0e', 'student', 'Wahyu Saputra', 'siswa.23@akademix.test', 1, NULL, NULL, NULL, NULL),
	(40, 'siswa.24', '$2y$12$Y9kH0ay9LXq2MHLsHQKmiuVVEF1reKiseFzwAi2Nds1x9gRprnKUe', 'student', 'Fajar Widodo', 'siswa.24@akademix.test', 1, NULL, NULL, NULL, NULL),
	(41, 'siswa.25', '$2y$12$skTBWybaGTDNkeGnQUVG1.k2OIW8EpwDPF/lVaqms/7dUWIp3SCTG', 'student', 'Fajar Fauzi', 'siswa.25@akademix.test', 1, NULL, NULL, NULL, NULL),
	(42, 'siswa.26', '$2y$12$jMMiyXMCCNcPxWFzLoN0Y.nPNMJiOWUF2KJ84tcGvtJkU7k5wZ9ye', 'student', 'Lutfi Saputra', 'siswa.26@akademix.test', 1, NULL, NULL, NULL, NULL),
	(43, 'siswa.27', '$2y$12$OVOx3nXeT6EV/8sZ3RakDOLeJ8z2dMzaUggig8STcSsVWFJbbuZSi', 'student', 'Hendra Mahendra', 'siswa.27@akademix.test', 1, NULL, NULL, NULL, NULL),
	(44, 'siswa.28', '$2y$12$H5aMqy1NxX9Bxm4kCWdgUuvTUMpb4Y384ItG0vXgSWKxLa3reXXXi', 'student', 'Rizky Pratama', 'siswa.28@akademix.test', 1, NULL, NULL, NULL, NULL),
	(45, 'siswa.29', '$2y$12$zTUOdhoXWiJ8.2r2mzCYFu09j9ywADiBWKgMvTd4bXF6AjM7PtYGK', 'student', 'Lestari Rahmawati', 'siswa.29@akademix.test', 1, NULL, NULL, NULL, NULL),
	(46, 'siswa.30', '$2y$12$VqmXx4W4Cr11lahicb4OFeds/Yh5K6dzEC3ApNGys0nnwXgw6.S76', 'student', 'Wahyu Fauzi', 'siswa.30@akademix.test', 1, NULL, NULL, NULL, NULL),
	(47, 'siswa.31', '$2y$12$ps/nfw0vruMIb5xjX6shQefdwd4ScR8Lsm/LEBdb1m47Rbffd2CIu', 'student', 'Yudi Sari', 'siswa.31@akademix.test', 1, NULL, NULL, NULL, NULL),
	(48, 'siswa.32', '$2y$12$DXEEd6uqLC6DQ9KL1PFYiu1BxFb3EQg6eoDioh.QdhhbvfNJ8rBWC', 'student', 'Lestari Sari', 'siswa.32@akademix.test', 1, NULL, NULL, NULL, NULL),
	(49, 'siswa.33', '$2y$12$k9s0W4C8vbOHTJgLkZiKV.Bx1h/AjKZKAZsFe9h7MAC8XLBfXBpke', 'student', 'Sinta Widodo', 'siswa.33@akademix.test', 1, NULL, NULL, NULL, NULL),
	(50, 'siswa.34', '$2y$12$vKFqrMpDOgHZIOy42IhAGeWsnmzdDtTnWCq/EL6gurrXjs3ryIscG', 'student', 'Indah Lestari', 'siswa.34@akademix.test', 1, NULL, NULL, NULL, NULL),
	(51, 'siswa.35', '$2y$12$a7JIZXOUDSUgjpCJTyG1CeDYDwAIi0xv6qQZlEsWhMFxPTkyWwt9W', 'student', 'Pratama Rahmawati', 'siswa.35@akademix.test', 1, NULL, NULL, NULL, NULL),
	(52, 'siswa.36', '$2y$12$SDgvsELXw9TjS2MwG6EzQ.cqQ2c7UDMLeb04qCPDS1VuPdd4pnN12', 'student', 'Lutfi Fauzi', 'siswa.36@akademix.test', 1, NULL, NULL, NULL, NULL),
	(53, 'siswa.37', '$2y$12$YOVerawtbGG0qDu8fSMSbOI4xyfpq6CXnH3HDiMLeDAkcybnJKBbq', 'student', 'Hendra Widodo', 'siswa.37@akademix.test', 1, NULL, NULL, NULL, NULL),
	(54, 'siswa.38', '$2y$12$p0c1bhw9nlh4gsQqTjb/curUufOv31bVd5H6GqpfNIQR12EWTkf7u', 'student', 'Ahmad Pratama', 'siswa.38@akademix.test', 1, NULL, NULL, NULL, NULL),
	(55, 'siswa.39', '$2y$12$NR1zaiSw5lyvSUeLg7d8M.4JzULwVN0Xs.qM00f3przclCjBxqSua', 'student', 'Naufal Wijaya', 'siswa.39@akademix.test', 1, NULL, NULL, NULL, NULL),
	(56, 'siswa.40', '$2y$12$Pn7w9ENu0YUjBJ8kJE.VL.rpzN5OXuvbOxtM/4mW7R6f3tL5dL1Ue', 'student', 'Indra Fauzi', 'siswa.40@akademix.test', 1, NULL, NULL, NULL, NULL),
	(57, 'siswa.41', '$2y$12$ajf1ABuHndTCMRVgXqEveema.DeCMq2xefW1KLz/O0FXU7muyve5m', 'student', 'Lestari Sari', 'siswa.41@akademix.test', 1, NULL, NULL, NULL, NULL),
	(58, 'siswa.42', '$2y$12$PzU3h3bmqtHx31.AzEQCMeEsuI3tDNCNzsVlIgb4TXjGUTx1EnxBe', 'student', 'Dewi Dewi', 'siswa.42@akademix.test', 1, NULL, NULL, NULL, NULL),
	(59, 'siswa.43', '$2y$12$jP6l9ADiJnpu1Va5F9hjteUxG7go9ZMSunEVZ12eFcFcaLthjeyFm', 'student', 'Fajar Rahmawati', 'siswa.43@akademix.test', 1, NULL, NULL, NULL, NULL),
	(60, 'siswa.44', '$2y$12$GmtWVLueBjhUrEX.9h3UpeUr7pZcvcsvbOdZQm3bXWrdhtp/8GW9i', 'student', 'Wahyu Lestari', 'siswa.44@akademix.test', 1, NULL, NULL, NULL, NULL),
	(61, 'siswa.45', '$2y$12$0mSkFGHKWolewUWpa4YQs..9gjshbrJVNO8U1yzIBWOMujCEwNHO2', 'student', 'Dimas Rahmawati', 'siswa.45@akademix.test', 1, NULL, NULL, NULL, NULL),
	(62, 'siswa.46', '$2y$12$9fxQrnDRDpgpi0GPEmjqderffxGGsYayKKplaXSnbFUaGiWX1EEPG', 'student', 'Nadia Lestari', 'siswa.46@akademix.test', 1, NULL, NULL, NULL, NULL),
	(63, 'siswa.47', '$2y$12$VR4xO6iE02N3moin9reVkeRqHNZW0DWgQg70BNPyIyndWQl261SJG', 'student', 'Rizky Saputra', 'siswa.47@akademix.test', 1, NULL, NULL, NULL, NULL),
	(64, 'siswa.48', '$2y$12$uxxLYoSKzJUgTUbU.TYjXO1Hpek0OmB38UYc6jJZ9biSuwEiBEtvS', 'student', 'Sinta Saputra', 'siswa.48@akademix.test', 1, NULL, NULL, NULL, NULL),
	(65, 'siswa.49', '$2y$12$nEM.SCouS9OOJ4VcNPk/HePElbCUAO1MYARGlZ0HwC.7uvZnNhw/G', 'student', 'Indah Sari', 'siswa.49@akademix.test', 1, NULL, NULL, NULL, NULL),
	(66, 'siswa.50', '$2y$12$mM59SJkOo9P.fxb7syyU1eTGnVu.gg6s/.A/DW0IBl1l6NfSqeT.e', 'student', 'Naufal Santoso', 'siswa.50@akademix.test', 1, NULL, NULL, NULL, NULL);

/*!40103 SET TIME_ZONE=IFNULL(@OLD_TIME_ZONE, 'system') */;
/*!40101 SET SQL_MODE=IFNULL(@OLD_SQL_MODE, '') */;
/*!40014 SET FOREIGN_KEY_CHECKS=IFNULL(@OLD_FOREIGN_KEY_CHECKS, 1) */;
/*!40101 SET CHARACTER_SET_CLIENT=@OLD_CHARACTER_SET_CLIENT */;
/*!40111 SET SQL_NOTES=IFNULL(@OLD_SQL_NOTES, 1) */;
